shot_value,field_goal_percentage,lag1,home_crowd,score_diff,game_num,shot_outcome_numeric
3,0.4721,0.0,0,0,1,0
2,0.5794,0.0,0,0,1,0
3,0.5337,0.0,0,-3,1,1
2,0.5794,-1.0,0,-5,1,1
2,0.5535,0.0,0,-7,1,1
1,0.5535,1.0,0,-7,1,0
2,0.5535,-1.0,0,-7,1,0
2,0.5337,1.0,0,-7,1,0
2,0.5337,-1.0,0,-9,1,1
3,0.5877,0.0,0,-9,1,0
2,0.5877,-1.0,0,-9,1,1
3,0.5056,0.0,0,-9,1,0
2,0.4721,-1.0,0,-9,1,0
3,0.4721,-1.0,0,-9,1,0
2,0.5,0.0,0,-11,1,1
3,0.4721,-1.0,0,-9,1,1
2,0.5056,-1.0,0,-9,1,0
2,0.5794,1.0,0,-11,1,1
1,0.5337,1.0,0,-10,1,1
1,0.5337,1.0,0,-11,1,1
2,0.5535,-1.0,0,-11,1,0
3,0.5535,-1.0,0,-11,1,0
3,0.5794,1.0,0,-14,1,1
3,0.5337,1.0,0,-14,1,0
3,0.5056,-1.0,0,-17,1,1
3,0.4928,0.0,0,-20,1,1
3,0.5056,1.0,0,-23,1,1
3,0.5337,-1.0,0,-23,1,0
1,0.5535,-1.0,0,-24,1,1
1,0.5535,1.0,0,-25,1,1
3,0.5056,1.0,0,-28,1,1
2,0.5877,1.0,0,-30,1,1
3,0.5877,1.0,0,-24,1,0
1,0.5877,-1.0,0,-25,1,1
1,0.5877,1.0,0,-25,1,0
3,0.4928,1.0,0,-25,1,0
2,0.5877,-1.0,0,-27,1,1
2,0.3333,0.0,0,-27,1,0
3,0.5056,1.0,0,-27,1,0
3,0.5337,-1.0,0,-25,1,0
2,0.5794,1.0,0,-27,1,1
2,0.5535,1.0,0,-25,1,0
3,0.5877,1.0,0,-25,1,0
2,0.5877,-1.0,0,-27,1,1
2,0.5535,-1.0,0,-29,1,1
1,0.5535,1.0,0,-30,1,1
3,0.5337,-1.0,0,-31,1,1
2,0.4721,1.0,0,-29,1,0
3,0.4928,-1.0,0,-32,1,1
3,0.5877,1.0,0,-29,1,0
2,0.4721,-1.0,0,-28,1,1
1,0.4721,1.0,0,-27,1,1
1,0.4721,1.0,0,-28,1,1
3,0.5337,1.0,0,-25,1,0
3,0.5877,-1.0,0,-25,1,0
2,0.5056,-1.0,0,-25,1,0
3,0.4928,1.0,0,-25,1,0
2,0.5794,1.0,0,-25,1,0
2,0.5794,-1.0,0,-27,1,1
2,0.4721,1.0,0,-27,1,1
3,0.5056,-1.0,0,-25,1,0
3,0.5337,-1.0,0,-28,1,1
3,0.5877,-1.0,0,-26,1,0
3,0.5337,1.0,0,-24,1,0
2,0.5877,-1.0,0,-24,1,0
1,0.5535,1.0,0,-25,1,1
1,0.5535,1.0,0,-25,1,0
1,0.3333,-1.0,0,-25,1,0
2,0.4928,-1.0,0,-25,1,0
3,0.5877,-1.0,0,-28,1,1
3,0.5056,-1.0,0,-28,1,0
1,0.5056,-1.0,0,-25,1,1
1,0.5056,1.0,0,-26,1,1
3,0.5337,0.0,0,0,2,0
2,0.4721,0.0,0,-2,2,1
2,0.5337,-1.0,0,-2,2,0
2,0.4721,1.0,0,-2,2,0
2,0.5337,-1.0,0,-4,2,1
2,0.5877,0.0,0,-6,2,1
3,0.5877,1.0,0,-9,2,1
2,0.4721,-1.0,0,-9,2,0
3,0.5337,1.0,0,-9,2,0
3,0.5535,0.0,0,-9,2,1
2,0.4721,-1.0,0,-9,2,0
3,0.4721,-1.0,0,-9,2,0
2,0.4928,0.0,0,-7,2,0
3,0.5337,-1.0,0,-10,2,1
1,0.5337,1.0,0,-10,2,0
1,0.5337,-1.0,0,-10,2,0
3,0.5535,1.0,0,-10,2,0
2,0.5794,0.0,0,-12,2,1
2,0.5794,1.0,0,-12,2,0
2,0.4721,-1.0,0,-10,2,0
1,0.5337,-1.0,0,-9,2,1
1,0.5337,1.0,0,-10,2,1
3,0.5337,1.0,0,-11,2,1
2,0.4721,-1.0,0,-13,2,1
3,0.5337,1.0,0,-13,2,0
2,0.5794,-1.0,0,-13,2,0
1,0.5877,1.0,0,-14,2,1
1,0.5877,1.0,0,-14,2,0
2,0.5535,-1.0,0,-16,2,1
2,0.5877,-1.0,0,-16,2,0
2,0.5535,1.0,0,-18,2,1
3,0.5877,-1.0,0,-18,2,0
1,0.5877,-1.0,0,-19,2,1
1,0.5877,1.0,0,-20,2,1
2,0.5535,1.0,0,-22,2,1
2,0.5794,-1.0,0,-22,2,0
3,0.4721,1.0,0,-20,2,0
2,0.5535,1.0,0,-20,2,0
3,0.5337,-1.0,0,-18,2,0
3,0.5535,-1.0,0,-18,2,0
2,0.4721,-1.0,0,-20,2,1
2,0.5337,-1.0,0,-20,2,0
2,0.5794,-1.0,0,-20,2,1
3,0.5877,1.0,0,-17,2,0
2,0.5794,1.0,0,-17,2,1
3,0.4721,1.0,0,-17,2,0
2,0.5794,1.0,0,-17,2,0
3,0.5056,0.0,0,-17,2,0
2,0.4721,-1.0,0,-17,2,0
3,0.5337,-1.0,0,-17,2,0
2,0.5056,-1.0,0,-17,2,0
3,0.4928,-1.0,0,-15,2,0
3,0.4721,-1.0,0,-15,2,0
2,0.5535,-1.0,0,-15,2,0
3,0.4928,-1.0,0,-18,2,1
2,0.5794,-1.0,0,-18,2,0
3,0.5056,-1.0,0,-19,2,1
3,0.4721,-1.0,0,-22,2,1
2,0.5794,-1.0,0,-22,2,0
3,0.5535,-1.0,0,-22,2,1
2,0.5535,1.0,0,-19,2,1
1,0.5337,-1.0,0,-20,2,1
1,0.5337,1.0,0,-21,2,1
2,0.4721,1.0,0,-19,2,0
2,0.5056,1.0,0,-21,2,1
2,0.4721,-1.0,0,-23,2,1
1,0.5337,1.0,0,-24,2,1
1,0.5337,1.0,0,-25,2,1
3,0.4211,0.0,0,-23,2,0
2,0.4721,1.0,0,-22,2,0
1,0.4721,-1.0,0,-23,2,1
1,0.4721,1.0,0,-24,2,1
2,0.5877,-1.0,0,-23,2,1
2,0.4721,1.0,0,-23,2,0
2,0.5877,1.0,0,-23,2,1
2,0.4721,-1.0,0,-23,2,0
2,0.5877,1.0,0,-25,2,1
1,0.5056,1.0,0,-24,2,1
1,0.5056,1.0,0,-25,2,1
2,0.5056,1.0,0,-25,2,0
2,0.3333,0.0,0,-21,2,0
2,0.5056,-1.0,0,-21,2,0
2,0.5,0.0,0,-21,2,0
3,0.5535,0.0,0,0,3,0
3,0.4721,0.0,0,0,3,1
3,0.5535,-1.0,0,-3,3,1
2,0.4721,1.0,0,-2,3,0
3,0.5337,0.0,0,-2,3,1
2,0.5877,0.0,0,-1,3,1
3,0.5877,1.0,0,1,3,0
3,0.5337,1.0,0,3,3,0
3,0.4721,-1.0,0,0,3,1
3,0.4721,1.0,0,0,3,0
3,0.4721,-1.0,0,0,3,0
3,0.5877,-1.0,0,0,3,0
2,0.5337,-1.0,0,-2,3,1
3,0.5877,-1.0,0,0,3,0
3,0.4721,-1.0,0,0,3,0
3,0.5056,0.0,0,2,3,0
3,0.5535,1.0,0,4,3,0
3,0.5535,-1.0,0,4,3,0
3,0.5337,1.0,0,4,3,0
3,0.5535,-1.0,0,4,3,0
2,0.5,0.0,0,4,3,0
1,0.5,-1.0,0,4,3,0
1,0.5,-1.0,0,3,3,1
3,0.5337,-1.0,0,5,3,0
3,0.5535,-1.0,0,5,3,0
3,0.5877,-1.0,0,5,3,0
2,0.5337,-1.0,0,5,3,0
3,0.4721,-1.0,0,2,3,1
3,0.5535,-1.0,0,4,3,0
3,0.4928,0.0,0,4,3,0
3,0.4721,1.0,0,4,3,0
3,0.5337,-1.0,0,4,3,0
2,0.5877,-1.0,0,2,3,1
2,0.5337,-1.0,0,2,3,0
3,0.5535,-1.0,0,2,3,0
2,0.5877,1.0,0,2,3,0
1,0.5,1.0,0,1,3,1
1,0.5,1.0,0,0,3,1
3,0.4721,-1.0,0,0,3,0
2,0.5535,-1.0,0,3,3,0
3,0.5056,-1.0,0,3,3,0
2,0.5056,-1.0,0,1,3,1
3,0.5337,-1.0,0,0,3,1
2,0.5535,-1.0,0,0,3,1
3,0.5877,-1.0,0,0,3,0
2,0.4721,-1.0,0,-2,3,1
3,0.5794,0.0,0,-2,3,0
2,0.4721,1.0,0,-4,3,1
3,0.5535,1.0,0,-4,3,0
2,0.5794,-1.0,0,-3,3,1
3,0.5877,-1.0,0,-1,3,0
3,0.5056,1.0,0,-1,3,1
3,0.5056,1.0,0,-2,3,1
3,0.5056,1.0,0,0,3,0
2,0.5794,1.0,0,2,3,0
3,0.4721,1.0,0,2,3,0
3,0.5337,1.0,0,-1,3,1
3,0.5337,1.0,0,-1,3,0
2,0.5794,-1.0,0,-1,3,0
2,0.5877,-1.0,0,-1,3,0
3,0.4721,-1.0,0,-4,3,1
3,0.5337,-1.0,0,-7,3,1
3,0.5337,1.0,0,-5,3,0
3,0.5535,-1.0,0,-8,3,1
3,0.5877,-1.0,0,-6,3,0
3,0.5877,-1.0,0,-6,3,0
2,0.5877,-1.0,0,-4,3,0
2,0.5535,1.0,0,-6,3,1
3,0.4721,1.0,0,-6,3,0
2,0.5535,1.0,0,-6,3,0
2,0.5535,-1.0,0,-6,3,0
2,0.5794,-1.0,0,-8,3,1
2,0.5535,-1.0,0,-10,3,1
3,0.4721,-1.0,0,-10,3,0
2,0.5877,-1.0,0,-10,3,0
3,0.5337,-1.0,0,-10,3,0
3,0.5877,-1.0,0,-9,3,0
2,0.5056,-1.0,0,-9,3,0
1,0.5535,1.0,0,-9,3,0
1,0.5535,-1.0,0,-10,3,1
2,0.4721,-1.0,0,-10,3,0
2,0.4721,-1.0,0,-12,3,1
3,0.5056,-1.0,0,-14,3,1
2,0.5535,1.0,0,-14,3,0
2,0.4721,0.0,0,-2,4,1
2,0.5877,0.0,0,-4,4,1
1,0.5337,0.0,0,-5,4,1
1,0.5337,1.0,0,-6,4,1
3,0.5056,0.0,0,-5,4,0
3,0.4721,1.0,0,-8,4,1
3,0.4721,1.0,0,-6,4,0
2,0.4721,-1.0,0,-6,4,0
2,0.5056,-1.0,0,-3,4,0
3,0.4928,0.0,0,-3,4,0
2,0.5,0.0,0,-3,4,0
2,0.5056,-1.0,0,-2,4,1
2,0.5794,0.0,0,-4,4,1
2,0.5794,1.0,0,-4,4,0
3,0.5056,1.0,0,-4,4,0
3,0.5337,1.0,0,-7,4,1
3,0.5337,1.0,0,-7,4,0
2,0.5535,0.0,0,-9,4,1
2,0.5337,-1.0,0,-11,4,1
2,0.5877,1.0,0,-13,4,1
2,0.5337,1.0,0,-13,4,0
3,0.4721,-1.0,0,-13,4,0
2,0.5794,-1.0,0,-13,4,0
3,0.5337,-1.0,0,-13,4,1
3,0.5337,1.0,0,-16,4,1
3,0.4721,-1.0,0,-16,4,0
2,0.4721,-1.0,0,-16,4,0
3,0.4721,-1.0,0,-13,4,0
2,0.5337,1.0,0,-10,4,0
3,0.5337,-1.0,0,-10,4,0
3,0.5056,-1.0,0,-10,4,0
3,0.5877,1.0,0,-13,4,1
2,0.5877,1.0,0,-15,4,1
3,0.5337,-1.0,0,-12,4,0
3,0.5535,1.0,0,-12,4,0
2,0.5337,-1.0,0,-11,4,1
2,0.5877,1.0,0,-13,4,1
2,0.5337,1.0,0,-15,4,1
2,0.5794,-1.0,0,-15,4,0
2,0.5056,-1.0,0,-13,4,0
1,0.5794,-1.0,0,-13,4,0
1,0.5794,-1.0,0,-14,4,1
3,0.4721,-1.0,0,-14,4,0
2,0.5056,-1.0,0,-15,4,1
1,0.5056,1.0,0,-16,4,1
2,0.5535,-1.0,0,-9,4,0
2,0.4721,-1.0,0,-11,4,1
2,0.4721,1.0,0,-11,4,0
3,0.5337,1.0,0,-14,4,1
1,0.5535,-1.0,0,-15,4,1
1,0.5535,1.0,0,-15,4,0
3,0.5337,1.0,0,-12,4,0
3,0.5877,1.0,0,-15,4,1
2,0.5535,-1.0,0,-11,4,0
2,0.5535,-1.0,0,-11,4,1
3,0.5056,1.0,0,-14,4,1
2,0.4721,-1.0,0,-11,4,0
1,0.4721,-1.0,0,-11,4,0
1,0.4721,-1.0,0,-12,4,1
2,0.5337,-1.0,0,-11,4,1
2,0.5337,1.0,0,-13,4,1
1,0.5337,1.0,0,-14,4,1
1,0.5337,1.0,0,-15,4,1
3,0.4721,1.0,0,-15,4,0
3,0.5877,1.0,0,-15,4,0
3,0.5535,1.0,0,-15,4,0
1,0.5056,1.0,0,-13,4,1
1,0.5056,1.0,0,-14,4,1
1,0.5877,-1.0,0,-12,4,0
1,0.5877,-1.0,0,-12,4,0
2,0.5877,-1.0,0,-12,4,1
1,0.4721,-1.0,0,-13,4,1
1,0.4721,1.0,0,-13,4,0
2,0.5056,1.0,0,-15,4,1
2,0.5794,0.0,1,0,5,1
1,0.5337,0.0,1,-1,5,1
1,0.5337,1.0,1,0,5,1
2,0.5877,0.0,1,2,5,1
2,0.5535,0.0,1,4,5,1
2,0.5535,1.0,1,6,5,1
1,0.5337,1.0,1,4,5,1
1,0.5337,1.0,1,5,5,1
2,0.5794,1.0,1,5,5,0
2,0.5794,-1.0,1,5,5,1
2,0.5337,1.0,1,5,5,1
2,0.4721,0.0,1,5,5,0
2,0.5535,1.0,1,7,5,1
3,0.4721,-1.0,1,7,5,0
3,0.4928,0.0,1,10,5,1
2,0.5877,1.0,1,10,5,0
2,0.5337,1.0,1,10,5,0
3,0.5337,-1.0,1,13,5,1
1,0.5535,1.0,1,14,5,1
1,0.5535,1.0,1,15,5,1
3,0.5535,1.0,1,13,5,0
3,0.5877,-1.0,1,13,5,0
2,0.4721,-1.0,1,10,5,0
2,0.5794,1.0,1,10,5,1
2,0.5337,1.0,1,8,5,0
3,0.5794,1.0,1,6,5,0
3,0.5337,-1.0,1,6,5,0
3,0.4721,-1.0,1,6,5,0
3,0.5337,-1.0,1,9,5,1
3,0.5337,1.0,1,12,5,1
2,0.5337,1.0,1,12,5,0
3,0.4721,-1.0,1,15,5,1
3,0.5877,-1.0,1,15,5,0
2,0.5877,-1.0,1,15,5,0
3,0.4721,1.0,1,18,5,1
3,0.5337,-1.0,1,18,5,0
3,0.4721,1.0,1,18,5,0
1,0.4721,-1.0,1,18,5,0
1,0.4721,-1.0,1,19,5,1
3,0.4211,0.0,1,16,5,0
3,0.4928,1.0,1,19,5,1
2,0.4721,1.0,1,21,5,1
2,0.5794,-1.0,1,21,5,0
2,0.5794,-1.0,1,21,5,0
2,0.5337,-1.0,1,21,5,1
2,0.5535,-1.0,1,21,5,0
2,0.4721,1.0,1,21,5,0
3,0.5337,1.0,1,22,5,1
2,0.4721,-1.0,1,24,5,1
2,0.5877,-1.0,1,26,5,1
3,0.4721,1.0,1,24,5,0
2,0.4721,-1.0,1,26,5,1
1,0.4721,1.0,1,27,5,1
3,0.5794,-1.0,1,28,5,1
3,0.5337,1.0,1,28,5,1
3,0.5794,1.0,1,31,5,1
2,0.4721,1.0,1,33,5,1
1,0.5535,-1.0,1,34,5,1
1,0.5535,1.0,1,35,5,1
2,0.5794,1.0,1,32,5,0
3,0.5877,1.0,1,33,5,1
3,0.5877,1.0,1,33,5,1
3,0.5877,1.0,1,33,5,0
1,0.4928,1.0,1,29,5,1
1,0.4928,1.0,1,30,5,1
2,0.4211,-1.0,1,29,5,1
2,0.5337,0.0,1,0,6,0
2,0.5535,0.0,1,2,6,1
3,0.4721,0.0,1,5,6,1
2,0.5337,-1.0,1,7,6,1
3,0.5535,1.0,1,7,6,0
3,0.4721,1.0,1,10,6,1
3,0.5337,1.0,1,8,6,0
3,0.5877,0.0,1,8,6,0
3,0.5877,-1.0,1,8,6,0
3,0.4721,1.0,1,8,6,0
3,0.5337,-1.0,1,11,6,1
2,0.4721,-1.0,1,9,6,0
2,0.4721,-1.0,1,11,6,1
3,0.5056,0.0,1,11,6,0
2,0.5535,-1.0,1,13,6,1
3,0.5337,1.0,1,13,6,0
3,0.5877,-1.0,1,13,6,1
2,0.4721,1.0,1,15,6,1
1,0.4721,1.0,1,10,6,1
1,0.4721,1.0,1,10,6,0
2,0.5535,1.0,1,12,6,1
3,0.4211,0.0,1,12,6,0
2,0.5794,0.0,1,14,6,1
3,0.5877,1.0,1,17,6,1
3,0.4721,-1.0,1,20,6,1
2,0.5535,1.0,1,20,6,1
2,0.5337,-1.0,1,18,6,0
3,0.5535,1.0,1,19,6,1
3,0.4721,1.0,1,22,6,1
3,0.4721,1.0,1,22,6,0
2,0.5337,-1.0,1,22,6,1
1,0.5535,1.0,1,23,6,1
1,0.5535,1.0,1,24,6,1
3,0.5337,1.0,1,24,6,0
2,0.4721,-1.0,1,22,6,0
2,0.4721,-1.0,1,20,6,0
1,0.5877,1.0,1,19,6,1
1,0.5877,1.0,1,20,6,1
1,0.5794,1.0,1,21,6,1
1,0.5794,1.0,1,22,6,1
2,0.5056,-1.0,1,24,6,1
3,0.5337,-1.0,1,25,6,1
2,0.4928,0.0,1,25,6,0
1,0.5056,1.0,1,26,6,1
1,0.5056,1.0,1,27,6,1
3,0.5337,1.0,1,27,6,0
2,0.3333,0.0,1,25,6,0
3,0.5794,1.0,1,26,6,1
3,0.4721,-1.0,1,27,6,1
2,0.5794,1.0,1,24,6,0
2,0.5535,1.0,1,24,6,1
3,0.5877,1.0,1,27,6,1
3,0.4721,1.0,1,30,6,1
1,0.4721,1.0,1,29,6,1
1,0.4721,1.0,1,30,6,1
3,0.5337,-1.0,1,30,6,0
2,0.4721,1.0,1,32,6,1
2,0.4211,-1.0,1,34,6,1
3,0.5877,1.0,1,37,6,1
3,0.5337,-1.0,1,37,6,1
2,0.4721,1.0,1,35,6,0
2,0.5535,1.0,1,37,6,1
2,0.5794,-1.0,1,35,6,0
3,0.5877,1.0,1,38,6,1
1,0.5056,1.0,1,39,6,1
1,0.5056,1.0,1,40,6,1
2,0.5,0.0,1,40,6,0
3,0.3333,-1.0,1,40,6,0
2,0.3333,-1.0,1,42,6,1
3,0.4211,1.0,1,40,6,0
2,0.5794,0.0,0,0,7,0
2,0.5794,-1.0,0,0,7,0
2,0.4721,0.0,0,0,7,0
3,0.5877,0.0,0,2,7,0
2,0.5337,0.0,0,0,7,1
2,0.5794,-1.0,0,2,7,0
2,0.4721,-1.0,0,2,7,1
2,0.5535,0.0,0,2,7,0
3,0.5337,1.0,0,2,7,0
2,0.5535,-1.0,0,2,7,0
2,0.4721,1.0,0,2,7,0
3,0.4721,-1.0,0,2,7,0
3,0.5056,0.0,0,2,7,0
2,0.5877,-1.0,0,2,7,0
2,0.5794,-1.0,0,2,7,1
2,0.5056,-1.0,0,3,7,1
2,0.5535,-1.0,0,6,7,0
1,0.4721,-1.0,0,9,7,0
1,0.4721,-1.0,0,9,7,0
2,0.5794,1.0,0,7,7,1
2,0.5337,-1.0,0,7,7,1
2,0.5794,1.0,0,7,7,1
3,0.5535,-1.0,0,6,7,1
1,0.5877,-1.0,0,5,7,1
1,0.5877,1.0,0,4,7,1
1,0.5337,1.0,0,3,7,1
1,0.5337,1.0,0,2,7,1
3,0.5337,1.0,0,-1,7,1
3,0.5337,1.0,0,1,7,0
3,0.5535,1.0,0,-2,7,1
3,0.5337,-1.0,0,-5,7,1
2,0.5337,1.0,0,-2,7,0
3,0.5535,1.0,0,-2,7,0
2,0.5794,1.0,0,0,7,0
1,0.5337,-1.0,0,0,7,0
2,0.4721,-1.0,0,0,7,1
2,0.5794,-1.0,0,2,7,0
2,0.4721,1.0,0,4,7,0
3,0.5337,-1.0,0,1,7,1
2,0.5794,-1.0,0,1,7,0
2,0.4721,-1.0,0,-1,7,1
2,0.5337,1.0,0,-1,7,0
3,0.4721,1.0,0,-1,7,1
3,0.5535,-1.0,0,-1,7,1
2,0.5877,1.0,0,-3,7,1
2,0.5877,1.0,0,-3,7,1
2,0.5535,1.0,0,-3,7,1
2,0.5794,-1.0,0,-3,7,1
1,0.5794,1.0,0,-4,7,1
3,0.4928,0.0,0,-4,7,0
2,0.5535,1.0,0,-6,7,1
2,0.4721,1.0,0,-4,7,0
3,0.4721,-1.0,0,-7,7,1
3,0.5337,-1.0,0,-10,7,1
2,0.5877,1.0,0,-7,7,0
3,0.5535,1.0,0,-7,7,1
2,0.5337,1.0,0,-7,7,0
2,0.5056,1.0,0,-7,7,0
3,0.5535,1.0,0,-7,7,0
3,0.5056,-1.0,0,-7,7,0
2,0.5535,-1.0,0,-6,7,0
2,0.5535,-1.0,0,-6,7,0
3,0.5056,-1.0,0,-4,7,0
2,0.5877,-1.0,0,-4,7,1
2,0.4721,1.0,0,-4,7,1
2,0.5535,-1.0,0,-2,7,0
2,0.4721,1.0,0,0,7,0
1,0.5794,1.0,0,-1,7,1
1,0.5794,1.0,0,-2,7,1
2,0.4721,-1.0,0,0,7,0
2,0.4721,-1.0,0,0,7,0
3,0.5535,-1.0,0,5,7,0
1,0.5535,-1.0,0,5,7,0
1,0.5535,-1.0,0,4,7,1
2,0.5794,1.0,0,6,7,0
1,0.5877,1.0,0,5,7,1
1,0.5877,1.0,0,4,7,1
2,0.5056,-1.0,0,4,7,1
1,0.5056,1.0,0,4,7,0
3,0.5056,-1.0,0,6,7,0
3,0.5056,-1.0,0,6,7,0
2,0.5337,-1.0,0,8,7,0
3,0.5535,1.0,0,7,7,1
3,0.4721,0.0,1,-3,8,0
3,0.4721,-1.0,1,0,8,1
3,0.5337,0.0,1,3,8,1
3,0.5337,1.0,1,3,8,0
3,0.5337,-1.0,1,6,8,1
3,0.5877,0.0,1,9,8,1
3,0.5337,1.0,1,9,8,0
1,0.5794,0.0,1,10,8,1
1,0.5794,1.0,1,11,8,1
2,0.4721,1.0,1,10,8,1
3,0.5337,-1.0,1,7,8,0
2,0.5,0.0,1,9,8,1
3,0.4928,0.0,1,6,8,0
2,0.4928,-1.0,1,8,8,1
2,0.5794,1.0,1,8,8,1
3,0.4721,1.0,1,6,8,0
1,0.5877,1.0,1,5,8,1
1,0.5877,1.0,1,6,8,1
2,0.5877,1.0,1,4,8,0
3,0.4211,0.0,1,2,8,0
1,0.5056,0.0,1,3,8,1
1,0.5056,1.0,1,4,8,1
3,0.5337,-1.0,1,5,8,1
2,0.5056,1.0,1,5,8,0
3,0.5877,-1.0,1,6,8,1
3,0.5794,1.0,1,7,8,1
1,0.4721,-1.0,1,6,8,1
1,0.4721,1.0,1,7,8,1
1,0.4928,1.0,1,6,8,1
1,0.4928,1.0,1,7,8,1
3,0.5877,1.0,1,7,8,1
2,0.5877,1.0,1,7,8,0
3,0.4721,1.0,1,10,8,1
3,0.5877,-1.0,1,13,8,1
2,0.4721,1.0,1,12,8,1
3,0.4721,1.0,1,9,8,0
2,0.4721,-1.0,1,8,8,1
3,0.5337,1.0,1,8,8,0
3,0.5337,-1.0,1,8,8,0
2,0.5877,1.0,1,10,8,1
2,0.5877,1.0,1,12,8,1
1,0.5877,1.0,1,13,8,1
2,0.5794,1.0,1,13,8,0
2,0.5535,0.0,1,15,8,1
3,0.5056,-1.0,1,13,8,0
2,0.5056,-1.0,1,13,8,1
1,0.5056,1.0,1,14,8,1
2,0.4721,1.0,1,11,8,0
1,0.5535,1.0,1,9,8,1
1,0.5535,1.0,1,10,8,1
3,0.4721,-1.0,1,10,8,0
1,0.5877,1.0,1,11,8,1
1,0.5877,1.0,1,12,8,1
2,0.4721,-1.0,1,10,8,1
2,0.4721,1.0,1,10,8,0
2,0.5794,-1.0,1,10,8,1
1,0.4211,-1.0,1,11,8,1
1,0.4211,1.0,1,12,8,1
3,0.5535,1.0,1,15,8,1
3,0.5337,-1.0,1,15,8,0
3,0.5337,-1.0,1,18,8,1
3,0.4928,1.0,1,18,8,0
3,0.5337,1.0,1,21,8,1
2,0.5337,1.0,1,20,8,1
1,0.5337,1.0,1,21,8,1
1,0.5337,1.0,1,22,8,1
2,0.5056,1.0,1,24,8,1
1,0.5337,1.0,1,22,8,1
1,0.5337,1.0,1,23,8,1
1,0.5877,1.0,1,22,8,1
1,0.5877,1.0,1,23,8,1
3,0.5337,1.0,1,20,8,0
3,0.4211,1.0,1,18,8,0
2,0.5056,1.0,1,18,8,1
1,0.5535,1.0,1,17,8,1
1,0.5535,1.0,1,18,8,1
2,0.4211,-1.0,1,18,8,0
2,0.5535,1.0,1,20,8,1
3,0.4211,-1.0,1,21,8,1
1,0.5794,0.0,0,3,9,0
1,0.5794,-1.0,0,2,9,1
3,0.4721,0.0,0,4,9,1
2,0.5877,0.0,0,4,9,0
2,0.4721,1.0,0,4,9,0
3,0.5056,0.0,0,4,9,0
2,0.5056,-1.0,0,4,9,0
3,0.4721,-1.0,0,4,9,0
3,0.5337,0.0,0,6,9,0
3,0.4928,0.0,0,8,9,0
3,0.4721,-1.0,0,8,9,0
2,0.5535,0.0,0,8,9,0
3,0.5056,-1.0,0,5,9,1
2,0.5794,1.0,0,5,9,0
3,0.5794,-1.0,0,7,9,0
2,0.5877,-1.0,0,5,9,1
2,0.5877,1.0,0,7,9,0
2,0.4721,-1.0,0,9,9,0
2,0.5,0.0,0,9,9,0
3,0.5535,-1.0,0,11,9,0
3,0.5877,-1.0,0,11,9,0
3,0.4721,-1.0,0,11,9,0
2,0.5794,-1.0,0,13,9,0
3,0.5337,-1.0,0,13,9,1
3,0.4928,-1.0,0,13,9,0
3,0.5337,1.0,0,10,9,1
1,0.5794,-1.0,0,10,9,0
2,0.5794,-1.0,0,8,9,1
2,0.5794,1.0,0,8,9,0
2,0.5794,-1.0,0,8,9,0
2,0.4721,-1.0,0,8,9,1
2,0.5877,-1.0,0,8,9,0
2,0.4721,1.0,0,10,9,0
2,0.5794,-1.0,0,10,9,0
3,0.5056,1.0,0,12,9,0
3,0.5056,-1.0,0,9,9,1
2,0.4721,-1.0,0,11,9,0
3,0.5337,1.0,0,13,9,0
3,0.5056,1.0,0,13,9,0
3,0.5337,-1.0,0,15,9,0
3,0.5337,-1.0,0,18,9,0
2,0.5877,-1.0,0,18,9,0
3,0.4721,-1.0,0,15,9,1
3,0.5337,-1.0,0,17,9,0
1,0.5794,-1.0,0,19,9,1
1,0.5794,1.0,0,18,9,1
2,0.5535,-1.0,0,20,9,0
3,0.5535,-1.0,0,20,9,0
2,0.4721,1.0,0,18,9,1
2,0.4721,1.0,0,18,9,0
2,0.5535,-1.0,0,18,9,0
3,0.5056,-1.0,0,21,9,0
2,0.5535,-1.0,0,19,9,1
3,0.4721,-1.0,0,21,9,0
2,0.5877,-1.0,0,21,9,0
2,0.4211,0.0,0,21,9,0
2,0.4721,-1.0,0,19,9,1
1,0.4721,1.0,0,18,9,1
1,0.4721,1.0,0,20,9,1
1,0.4721,1.0,0,19,9,1
3,0.4928,-1.0,0,21,9,0
3,0.4211,-1.0,0,21,9,0
1,0.5056,-1.0,0,21,9,0
1,0.5056,-1.0,0,21,9,0
3,0.5337,0.0,0,2,10,0
2,0.5794,0.0,0,4,10,0
3,0.5535,0.0,0,1,10,1
2,0.5877,0.0,0,-1,10,1
1,0.5794,-1.0,0,-1,10,0
1,0.5794,-1.0,0,-2,10,1
2,0.5337,-1.0,0,-4,10,1
2,0.4721,0.0,0,-4,10,0
3,0.5056,0.0,0,-2,10,0
1,0.5535,1.0,0,-1,10,1
1,0.5535,1.0,0,-2,10,1
2,0.5877,1.0,0,-1,10,1
3,0.5794,1.0,0,-2,10,1
2,0.4721,-1.0,0,-1,10,1
2,0.5056,-1.0,0,-1,10,0
3,0.5337,1.0,0,0,10,1
1,0.5877,1.0,0,0,10,0
1,0.5877,-1.0,0,-1,10,1
2,0.4721,1.0,0,-1,10,0
3,0.5535,1.0,0,1,10,0
2,0.5337,1.0,0,1,10,0
2,0.5337,-1.0,0,1,10,0
2,0.5337,-1.0,0,2,10,1
1,0.5337,1.0,0,1,10,1
3,0.5337,1.0,0,3,10,0
2,0.5056,-1.0,0,6,10,0
2,0.5056,-1.0,0,4,10,1
3,0.5337,-1.0,0,6,10,0
2,0.5794,1.0,0,7,10,1
1,0.5794,1.0,0,8,10,1
1,0.5794,1.0,0,7,10,1
2,0.5877,1.0,0,7,10,0
2,0.5535,-1.0,0,7,10,0
3,0.5337,-1.0,0,7,10,0
3,0.5337,-1.0,0,9,10,0
3,0.5337,-1.0,0,9,10,0
2,0.5535,-1.0,0,10,10,1
1,0.5535,1.0,0,9,10,1
3,0.5794,1.0,0,9,10,1
2,0.5337,-1.0,0,7,10,1
2,0.5337,1.0,0,5,10,1
2,0.5535,1.0,0,5,10,0
2,0.5794,1.0,0,8,10,0
2,0.5794,-1.0,0,8,10,0
3,0.5535,-1.0,0,8,10,0
2,0.4721,-1.0,0,8,10,0
3,0.4721,-1.0,0,8,10,0
2,0.4721,-1.0,0,8,10,1
2,0.5794,-1.0,0,8,10,1
2,0.5794,1.0,0,8,10,0
2,0.5794,-1.0,0,8,10,0
2,0.5056,1.0,0,9,10,0
2,0.4721,1.0,0,7,10,1
2,0.5337,1.0,0,7,10,1
2,0.5056,-1.0,0,5,10,1
2,0.4721,1.0,0,6,10,0
2,0.5056,1.0,0,4,10,1
2,0.5794,-1.0,0,4,10,0
3,0.5337,1.0,0,4,10,0
3,0.5056,1.0,0,4,10,0
2,0.5794,-1.0,0,2,10,1
2,0.5794,1.0,0,2,10,0
3,0.5794,-1.0,0,4,10,0
3,0.4721,-1.0,0,6,10,0
1,0.5535,-1.0,0,7,10,1
1,0.5535,1.0,0,7,10,0
3,0.5535,-1.0,0,11,10,0
1,0.5337,-1.0,0,13,10,1
1,0.5337,1.0,0,12,10,1
2,0.5337,1.0,0,12,10,0
2,0.5337,-1.0,0,12,10,0
1,0.5535,-1.0,0,13,10,1
1,0.5535,1.0,0,12,10,1
3,0.5535,1.0,0,12,10,0
3,0.4721,-1.0,0,14,10,0
2,0.5535,-1.0,0,18,10,0
3,0.5877,-1.0,0,20,10,0
3,0.5877,-1.0,0,20,10,0
2,0.3333,0.0,0,20,10,0
2,0.4721,0.0,1,0,11,0
2,0.5794,0.0,1,-3,11,0
2,0.5794,-1.0,1,-1,11,1
2,0.5794,1.0,1,-1,11,1
2,0.4721,-1.0,1,-1,11,0
3,0.5337,0.0,1,-1,11,0
2,0.5337,-1.0,1,-1,11,1
3,0.4721,-1.0,1,2,11,1
3,0.5535,0.0,1,-1,11,0
3,0.4721,1.0,1,-4,11,0
1,0.5794,1.0,1,-4,11,0
1,0.5794,-1.0,1,-3,11,1
2,0.5056,0.0,1,-1,11,1
2,0.4721,-1.0,1,-1,11,1
2,0.4928,0.0,1,-4,11,0
2,0.5337,1.0,1,-5,11,1
2,0.5056,1.0,1,-5,11,0
3,0.5337,1.0,1,-5,11,0
2,0.5535,-1.0,1,-7,11,1
1,0.5794,1.0,1,-8,11,1
1,0.5794,1.0,1,-7,11,1
3,0.5535,1.0,1,-7,11,0
3,0.4721,1.0,1,-7,11,0
2,0.5337,-1.0,1,-8,11,1
2,0.5794,1.0,1,-6,11,1
2,0.5337,1.0,1,-4,11,1
2,0.4721,-1.0,1,-6,11,0
3,0.5056,-1.0,1,-8,11,0
3,0.5535,-1.0,1,-10,11,0
2,0.5535,-1.0,1,-8,11,1
2,0.4721,-1.0,1,-10,11,0
3,0.5877,0.0,1,-10,11,0
2,0.5056,-1.0,1,-8,11,1
3,0.5337,1.0,1,-8,11,0
2,0.5535,1.0,1,-8,11,0
1,0.5535,-1.0,1,-8,11,0
1,0.5535,-1.0,1,-7,11,1
3,0.5337,-1.0,1,-7,11,0
3,0.5056,1.0,1,-8,11,0
3,0.4721,-1.0,1,-5,11,1
1,0.4721,1.0,1,-5,11,0
2,0.5056,-1.0,1,-5,11,0
3,0.4721,-1.0,1,-5,11,0
3,0.5056,-1.0,1,-2,11,1
2,0.4721,-1.0,1,-2,11,0
3,0.4721,-1.0,1,-1,11,1
2,0.5794,1.0,1,1,11,1
3,0.5877,-1.0,1,1,11,0
2,0.4721,1.0,1,1,11,0
2,0.5337,-1.0,1,1,11,1
3,0.5535,1.0,1,1,11,0
2,0.5337,1.0,1,1,11,1
2,0.5056,1.0,1,3,11,1
2,0.5794,1.0,1,1,11,0
1,0.5877,-1.0,1,-1,11,0
1,0.5877,-1.0,1,0,11,1
2,0.5877,1.0,1,-2,11,0
2,0.4721,-1.0,1,0,11,1
3,0.5056,1.0,1,3,11,1
3,0.5337,1.0,1,6,11,1
1,0.5056,1.0,1,3,11,1
1,0.5056,1.0,1,4,11,1
2,0.4721,1.0,1,6,11,1
2,0.5794,-1.0,1,8,11,1
2,0.4721,1.0,1,10,11,1
1,0.5535,-1.0,1,10,11,0
1,0.4721,1.0,1,10,11,0
2,0.5794,1.0,1,10,11,1
1,0.5056,1.0,1,10,11,1
1,0.5056,1.0,1,11,11,1
1,0.4928,-1.0,1,12,11,1
1,0.4928,1.0,1,13,11,1
2,0.5535,0.0,0,0,12,0
2,0.5877,0.0,0,-2,12,1
3,0.5337,0.0,0,-5,12,1
2,0.5877,1.0,0,-7,12,1
3,0.4721,0.0,0,-5,12,0
1,0.5794,0.0,0,-5,12,0
1,0.5794,-1.0,0,-6,12,1
3,0.3043,0.0,0,-9,12,1
3,0.3043,1.0,0,-9,12,0
2,0.5877,1.0,0,-9,12,0
3,0.3043,-1.0,0,-5,12,0
3,0.5337,1.0,0,-3,12,0
2,0.5337,-1.0,0,-5,12,1
2,0.5535,-1.0,0,-5,12,0
3,0.5337,1.0,0,-6,12,1
1,0.5535,-1.0,0,-5,12,1
1,0.5535,1.0,0,-6,12,1
2,0.5535,1.0,0,-4,12,0
1,0.4721,-1.0,0,1,12,1
1,0.4721,1.0,0,0,12,1
3,0.3043,-1.0,0,3,12,0
2,0.4721,1.0,0,3,12,1
2,0.5535,-1.0,0,1,12,1
3,0.4721,1.0,0,1,12,1
3,0.3043,-1.0,0,1,12,0
2,0.5535,1.0,0,1,12,0
2,0.5535,-1.0,0,1,12,0
3,0.4928,0.0,0,1,12,0
2,0.5794,1.0,0,-1,12,1
2,0.4721,1.0,0,-1,12,0
2,0.4721,-1.0,0,-3,12,1
1,0.5337,1.0,0,-4,12,1
1,0.5337,1.0,0,-5,12,1
2,0.4721,1.0,0,-2,12,1
3,0.5337,1.0,0,0,12,0
3,0.4721,1.0,0,0,12,0
1,0.5794,1.0,0,-1,12,1
1,0.5794,1.0,0,-1,12,0
2,0.5535,-1.0,0,-1,12,1
2,0.5877,-1.0,0,-1,12,1
1,0.5877,1.0,0,-2,12,1
3,0.5337,-1.0,0,-5,12,1
2,0.5535,1.0,0,-3,12,0
2,0.5877,1.0,0,-5,12,1
3,0.5337,1.0,0,-3,12,0
3,0.4928,-1.0,0,-3,12,0
2,0.5535,-1.0,0,-3,12,0
2,0.5794,-1.0,0,-3,12,0
1,0.5535,-1.0,0,-1,12,0
1,0.5535,-1.0,0,-2,12,1
2,0.5535,1.0,0,-4,12,1
2,0.5337,-1.0,0,-4,12,0
3,0.5337,-1.0,0,-7,12,1
1,0.3043,-1.0,0,-8,12,1
1,0.3043,1.0,0,-9,12,1
2,0.5877,1.0,0,-9,12,0
3,0.4211,0.0,0,-9,12,0
2,0.5877,-1.0,0,-9,12,0
3,0.4721,-1.0,0,-6,12,0
1,0.5877,-1.0,0,-4,12,1
1,0.5877,1.0,0,-4,12,0
2,0.5877,-1.0,0,-3,12,1
1,0.5877,1.0,0,-4,12,1
2,0.5337,1.0,0,-6,12,1
2,0.5794,-1.0,0,-1,12,0
3,0.5337,1.0,0,1,12,0
2,0.4721,-1.0,0,-1,12,1
2,0.5337,-1.0,0,-1,12,0
1,0.5877,1.0,0,-2,12,1
1,0.5877,1.0,0,-3,12,1
1,0.5337,-1.0,0,-4,12,1
1,0.5337,1.0,0,-4,12,0
1,0.5337,-1.0,0,-4,12,1
1,0.5337,1.0,0,-5,12,1
1,0.5877,1.0,0,-3,12,1
1,0.5877,1.0,0,-4,12,1
1,0.5535,1.0,0,-3,12,1
1,0.5535,1.0,0,-4,12,1
1,0.3043,1.0,0,-5,12,1
1,0.3043,1.0,0,-6,12,1
3,0.5535,0.0,1,0,13,0
2,0.5877,0.0,1,2,13,1
2,0.5794,0.0,1,2,13,0
1,0.4721,0.0,1,3,13,1
1,0.4721,1.0,1,4,13,1
2,0.5535,-1.0,1,1,13,0
3,0.5877,1.0,1,4,13,1
3,0.5337,0.0,1,1,13,0
2,0.4721,1.0,1,3,13,1
2,0.4211,0.0,1,0,13,0
3,0.4721,1.0,1,1,13,1
3,0.4721,1.0,1,1,13,0
2,0.5535,-1.0,1,1,13,1
2,0.5794,-1.0,1,3,13,1
2,0.5535,1.0,1,3,13,1
1,0.5535,1.0,1,2,13,1
1,0.5535,1.0,1,3,13,1
2,0.3043,0.0,1,3,13,0
3,0.4721,-1.0,1,3,13,0
1,0.5535,1.0,1,4,13,1
1,0.5535,1.0,1,4,13,0
2,0.4721,-1.0,1,4,13,0
1,0.4721,-1.0,1,5,13,1
1,0.4721,1.0,1,6,13,1
2,0.4721,1.0,1,5,13,1
2,0.5535,-1.0,1,7,13,1
2,0.5877,1.0,1,7,13,0
2,0.4721,1.0,1,7,13,0
2,0.4721,-1.0,1,7,13,0
2,0.4721,-1.0,1,7,13,0
3,0.3043,-1.0,1,7,13,0
2,0.5877,-1.0,1,9,13,1
1,0.5877,1.0,1,10,13,1
1,0.5877,1.0,1,11,13,1
1,0.5877,1.0,1,12,13,1
2,0.4721,-1.0,1,14,13,1
3,0.4721,1.0,1,12,13,0
2,0.5794,1.0,1,14,13,1
2,0.4721,-1.0,1,14,13,0
3,0.5337,-1.0,1,14,13,0
3,0.4721,-1.0,1,17,13,1
2,0.4721,1.0,1,19,13,1
2,0.4721,1.0,1,21,13,1
3,0.3043,-1.0,1,24,13,1
2,0.4721,1.0,1,24,13,1
3,0.3043,1.0,1,22,13,0
3,0.3043,-1.0,1,20,13,0
2,0.5535,1.0,1,20,13,0
3,0.5794,1.0,1,23,13,1
2,0.4721,1.0,1,23,13,0
2,0.5535,-1.0,1,23,13,0
2,0.5535,-1.0,1,25,13,1
3,0.4928,0.0,1,23,13,0
2,0.5535,1.0,1,25,13,1
3,0.4928,-1.0,1,25,13,0
2,0.5794,1.0,1,26,13,1
3,0.5337,-1.0,1,26,13,1
3,0.4721,-1.0,1,26,13,0
3,0.4721,-1.0,1,26,13,0
1,0.5535,1.0,1,25,13,1
1,0.5535,1.0,1,26,13,1
2,0.5535,1.0,1,28,13,1
1,0.5535,1.0,1,29,13,1
2,0.5337,1.0,1,27,13,0
2,0.5535,1.0,1,27,13,0
3,0.4721,-1.0,1,27,13,0
2,0.5337,-1.0,1,29,13,1
3,0.5337,1.0,1,32,13,1
3,0.5337,1.0,1,35,13,1
1,0.4211,-1.0,1,34,13,1
1,0.4211,1.0,1,35,13,1
2,0.5,0.0,1,35,13,0
3,0.4928,-1.0,1,34,13,0
3,0.4721,0.0,0,0,14,0
3,0.5794,0.0,0,2,14,0
2,0.5535,0.0,0,0,14,1
2,0.5337,0.0,0,0,14,0
1,0.5794,-1.0,0,4,14,1
1,0.5794,1.0,0,3,14,1
2,0.3043,0.0,0,4,14,1
3,0.4721,-1.0,0,1,14,1
3,0.5337,-1.0,0,2,14,0
3,0.5056,0.0,0,-1,14,1
3,0.5337,-1.0,0,-1,14,1
2,0.4721,1.0,0,-1,14,0
2,0.5794,1.0,0,-1,14,0
2,0.5337,1.0,0,0,14,1
3,0.4721,-1.0,0,2,14,0
2,0.5535,1.0,0,0,14,1
2,0.4721,-1.0,0,-2,14,1
2,0.5535,1.0,0,-4,14,1
3,0.5337,1.0,0,1,14,0
1,0.5535,1.0,0,1,14,0
3,0.5056,1.0,0,-2,14,1
2,0.5337,-1.0,0,-4,14,1
3,0.5535,-1.0,0,-2,14,0
3,0.3043,1.0,0,2,14,0
3,0.5337,1.0,0,4,14,0
3,0.5056,1.0,0,6,14,0
1,0.5337,-1.0,0,5,14,1
1,0.5337,1.0,0,4,14,1
2,0.5337,1.0,0,5,14,1
1,0.4721,1.0,0,4,14,1
1,0.4721,1.0,0,3,14,1
1,0.4721,1.0,0,2,14,1
2,0.5535,-1.0,0,2,14,0
2,0.4721,1.0,0,0,14,1
3,0.5337,1.0,0,-3,14,1
3,0.5877,0.0,0,-1,14,0
3,0.5337,1.0,0,-1,14,0
2,0.5535,-1.0,0,-1,14,0
2,0.5794,-1.0,0,-3,14,1
2,0.5337,-1.0,0,-3,14,0
2,0.5337,-1.0,0,-5,14,1
2,0.5794,1.0,0,-7,14,1
1,0.5794,1.0,0,-8,14,1
1,0.5337,1.0,0,-7,14,1
1,0.5337,1.0,0,-8,14,1
1,0.5337,1.0,0,-9,14,1
3,0.5337,1.0,0,-10,14,1
2,0.5535,-1.0,0,-10,14,0
3,0.5337,1.0,0,-10,14,0
2,0.5337,-1.0,0,-8,14,1
3,0.5056,-1.0,0,-6,14,0
2,0.5056,-1.0,0,-6,14,1
1,0.5877,-1.0,0,-7,14,1
1,0.5877,1.0,0,-8,14,1
1,0.5337,1.0,0,-7,14,1
1,0.5337,1.0,0,-8,14,1
3,0.4721,1.0,0,-9,14,1
2,0.5337,1.0,0,-7,14,0
1,0.4721,1.0,0,-8,14,1
1,0.4721,1.0,0,-8,14,0
1,0.4721,-1.0,0,-9,14,1
1,0.4721,1.0,0,-10,14,1
2,0.5794,1.0,0,-10,14,1
2,0.4721,1.0,0,-10,14,0
1,0.4721,-1.0,0,-11,14,1
1,0.4721,1.0,0,-12,14,1
3,0.5056,1.0,0,-12,14,1
2,0.5337,-1.0,0,-13,14,1
3,0.4721,1.0,0,-16,14,1
2,0.4721,1.0,0,-15,14,0
3,0.4721,0.0,0,-3,15,1
2,0.5535,0.0,0,-1,15,0
2,0.5794,0.0,0,-1,15,0
3,0.5056,0.0,0,-1,15,0
3,0.5337,0.0,0,2,15,0
2,0.3043,0.0,0,2,15,0
2,0.5056,-1.0,0,0,15,1
2,0.5337,-1.0,0,0,15,0
2,0.5337,-1.0,0,0,15,0
2,0.5337,-1.0,0,-2,15,1
2,0.5535,-1.0,0,1,15,0
2,0.5337,1.0,0,-1,15,1
1,0.5337,1.0,0,-2,15,1
3,0.4721,1.0,0,-5,15,1
3,0.5337,1.0,0,-5,15,0
1,0.5337,-1.0,0,-4,15,1
1,0.5337,1.0,0,-5,15,1
1,0.5337,1.0,0,-5,15,1
1,0.5337,1.0,0,-6,15,1
2,0.5794,-1.0,0,-6,15,1
2,0.5794,1.0,0,-6,15,0
2,0.5794,-1.0,0,-8,15,1
3,0.5337,1.0,0,-8,15,0
2,0.5794,1.0,0,-6,15,0
2,0.5794,-1.0,0,-8,15,1
2,0.5337,-1.0,0,-6,15,0
3,0.5337,-1.0,0,-9,15,1
2,0.4721,1.0,0,-9,15,0
2,0.5337,1.0,0,-11,15,1
1,0.5794,1.0,0,-12,15,1
1,0.5794,1.0,0,-13,15,1
1,0.5056,1.0,0,-14,15,1
1,0.5056,1.0,0,-15,15,1
2,0.4211,0.0,0,-17,15,1
3,0.5056,1.0,0,-17,15,0
2,0.4211,1.0,0,-15,15,0
2,0.5337,1.0,0,-14,15,0
1,0.5794,1.0,0,-15,15,1
1,0.5794,1.0,0,-16,15,1
2,0.5794,1.0,0,-15,15,1
3,0.5337,-1.0,0,-13,15,0
3,0.5877,0.0,0,-13,15,0
3,0.5337,-1.0,0,-11,15,0
2,0.4721,-1.0,0,-13,15,1
3,0.4721,1.0,0,-11,15,0
3,0.5337,-1.0,0,-12,15,1
2,0.5337,1.0,0,-12,15,1
2,0.5794,1.0,0,-10,15,0
2,0.5794,-1.0,0,-10,15,0
2,0.5794,-1.0,0,-10,15,0
3,0.5337,1.0,0,-7,15,0
2,0.4721,-1.0,0,-9,15,1
2,0.5877,-1.0,0,-9,15,1
3,0.5337,-1.0,0,-9,15,0
1,0.4721,1.0,0,-8,15,1
1,0.4721,1.0,0,-9,15,1
2,0.5794,-1.0,0,-11,15,1
1,0.5794,1.0,0,-12,15,1
2,0.4721,1.0,0,-12,15,0
2,0.3043,-1.0,0,-12,15,0
3,0.3043,-1.0,0,-9,15,0
3,0.5877,1.0,0,-9,15,0
3,0.4721,-1.0,0,-9,15,0
3,0.5337,-1.0,0,-7,15,0
2,0.5337,-1.0,0,-4,15,1
3,0.5337,1.0,0,-3,15,0
2,0.4721,-1.0,0,-2,15,1
1,0.4721,1.0,0,-3,15,1
1,0.5877,-1.0,0,-4,15,1
1,0.5877,1.0,0,-4,15,0
1,0.4721,1.0,0,-3,15,1
1,0.4721,1.0,0,-4,15,1
1,0.4721,1.0,0,-3,15,1
1,0.4721,1.0,0,-4,15,1
2,0.4721,0.0,1,2,16,1
2,0.5794,0.0,1,4,16,1
3,0.4721,1.0,1,5,16,1
2,0.5794,1.0,1,7,16,1
2,0.5794,1.0,1,9,16,1
2,0.5535,0.0,1,11,16,1
3,0.5056,0.0,1,11,16,0
2,0.5535,1.0,1,13,16,1
1,0.4721,1.0,1,12,16,1
1,0.4721,1.0,1,13,16,1
2,0.5535,1.0,1,13,16,0
2,0.5794,1.0,1,15,16,1
3,0.5337,0.0,1,16,16,1
2,0.5337,1.0,1,16,16,1
2,0.5056,-1.0,1,18,16,1
2,0.4721,1.0,1,14,16,0
1,0.4721,-1.0,1,15,16,1
1,0.4721,1.0,1,16,16,1
3,0.5337,1.0,1,16,16,1
2,0.4211,0.0,1,14,16,0
2,0.5535,-1.0,1,13,16,1
3,0.5337,1.0,1,16,16,1
2,0.5056,1.0,1,13,16,0
3,0.5056,-1.0,1,13,16,0
3,0.3043,0.0,1,16,16,1
3,0.4721,1.0,1,19,16,1
2,0.5535,1.0,1,19,16,0
2,0.5794,1.0,1,19,16,0
3,0.4721,1.0,1,22,16,1
2,0.5535,-1.0,1,24,16,1
1,0.5535,1.0,1,25,16,1
2,0.4721,1.0,1,25,16,0
3,0.5337,1.0,1,28,16,1
3,0.5056,-1.0,1,28,16,1
1,0.5877,0.0,1,29,16,1
1,0.5877,1.0,1,30,16,1
2,0.4211,-1.0,1,30,16,0
2,0.5794,-1.0,1,32,16,1
3,0.4721,-1.0,1,32,16,0
1,0.5794,1.0,1,33,16,1
1,0.5794,1.0,1,34,16,1
2,0.4721,-1.0,1,32,16,0
1,0.5535,1.0,1,33,16,1
1,0.5535,1.0,1,34,16,1
1,0.5535,1.0,1,34,16,1
1,0.5535,1.0,1,35,16,1
1,0.5535,1.0,1,35,16,1
1,0.5535,1.0,1,35,16,0
3,0.5337,1.0,1,32,16,0
3,0.5337,-1.0,1,35,16,1
3,0.5056,1.0,1,38,16,1
2,0.3333,0.0,1,38,16,1
2,0.5794,1.0,1,37,16,1
2,0.3043,1.0,1,37,16,0
2,0.4211,-1.0,1,37,16,0
3,0.3043,-1.0,1,34,16,0
3,0.3333,1.0,1,37,16,1
3,0.3043,-1.0,1,37,16,0
2,0.4211,-1.0,1,36,16,0
2,0.5,0.0,1,38,16,1
2,0.5,1.0,1,40,16,1
3,0.3043,-1.0,1,40,16,0
2,0.5794,0.0,1,-1,17,1
3,0.4721,0.0,1,2,17,1
3,0.5337,0.0,1,-1,17,0
2,0.5535,0.0,1,-1,17,0
2,0.5337,-1.0,1,-3,17,0
3,0.4721,1.0,1,-3,17,0
2,0.4721,-1.0,1,-1,17,1
2,0.4721,1.0,1,-1,17,1
2,0.5337,-1.0,1,-4,17,0
3,0.5877,0.0,1,-4,17,0
3,0.5056,0.0,1,-4,17,0
3,0.5337,-1.0,1,-6,17,0
3,0.5056,-1.0,1,-6,17,0
2,0.5535,-1.0,1,-4,17,1
3,0.4721,1.0,1,-1,17,1
2,0.5535,1.0,1,-4,17,0
3,0.5794,1.0,1,-4,17,0
3,0.5535,-1.0,1,-6,17,0
2,0.5794,-1.0,1,-4,17,1
3,0.4721,1.0,1,-4,17,0
2,0.5794,1.0,1,-2,17,1
2,0.4721,-1.0,1,-5,17,0
2,0.5535,-1.0,1,-3,17,1
3,0.5056,-1.0,1,-3,17,0
2,0.5056,-1.0,1,-5,17,0
2,0.5794,1.0,1,-3,17,1
3,0.5337,-1.0,1,0,17,1
2,0.5056,-1.0,1,2,17,1
2,0.4721,-1.0,1,2,17,0
2,0.5337,1.0,1,4,17,1
2,0.5337,1.0,1,1,17,0
2,0.5794,1.0,1,-1,17,0
2,0.5337,-1.0,1,1,17,1
3,0.5337,1.0,1,1,17,0
2,0.5056,1.0,1,1,17,0
1,0.5794,-1.0,1,2,17,1
1,0.5794,1.0,1,3,17,1
2,0.4721,-1.0,1,0,17,0
3,0.5337,-1.0,1,0,17,0
3,0.5056,-1.0,1,0,17,0
3,0.5877,-1.0,1,0,17,1
2,0.5337,-1.0,1,0,17,0
2,0.5535,1.0,1,2,17,1
2,0.5535,1.0,1,4,17,1
3,0.5877,1.0,1,4,17,0
2,0.5794,1.0,1,4,17,0
2,0.5794,-1.0,1,6,17,1
3,0.4721,-1.0,1,9,17,1
2,0.4721,1.0,1,6,17,0
3,0.5056,-1.0,1,6,17,1
3,0.5877,-1.0,1,3,17,0
2,0.5794,1.0,1,5,17,1
1,0.5794,1.0,1,6,17,1
3,0.5535,1.0,1,6,17,0
1,0.4721,-1.0,1,4,17,0
2,0.5056,1.0,1,4,17,0
3,0.5337,-1.0,1,4,17,0
2,0.5337,-1.0,1,3,17,1
1,0.5337,1.0,1,4,17,1
2,0.5794,1.0,1,2,17,0
2,0.4721,-1.0,1,0,17,0
2,0.5794,-1.0,1,0,17,0
3,0.4721,-1.0,1,-3,17,0
3,0.4721,0.0,0,-1,18,1
2,0.5535,0.0,0,0,18,1
1,0.5535,1.0,0,-1,18,1
3,0.5877,0.0,0,1,18,0
1,0.4721,1.0,0,0,18,1
1,0.4721,1.0,0,-1,18,1
2,0.5794,0.0,0,-1,18,0
2,0.5794,-1.0,0,-1,18,0
3,0.4721,1.0,0,-1,18,0
2,0.4721,-1.0,0,-3,18,1
3,0.5056,0.0,0,-4,18,1
1,0.5337,0.0,0,-3,18,1
1,0.5337,1.0,0,-4,18,1
2,0.5337,1.0,0,-6,18,1
2,0.5056,1.0,0,-6,18,0
2,0.5535,1.0,0,-8,18,1
2,0.5794,-1.0,0,-7,18,0
2,0.4721,1.0,0,-9,18,1
3,0.4721,1.0,0,-7,18,0
3,0.4211,0.0,0,-7,18,0
2,0.5337,1.0,0,-4,18,0
2,0.5794,-1.0,0,-6,18,1
1,0.4211,-1.0,0,-7,18,1
1,0.4211,1.0,0,-8,18,1
3,0.5535,1.0,0,-6,18,0
2,0.4721,-1.0,0,-5,18,1
2,0.5056,-1.0,0,-4,18,1
3,0.5337,-1.0,0,-4,18,1
2,0.5535,-1.0,0,-2,18,0
2,0.5535,-1.0,0,-4,18,1
2,0.5337,1.0,0,-2,18,0
3,0.4721,1.0,0,-2,18,0
3,0.5337,-1.0,0,0,18,0
3,0.5056,1.0,0,0,18,0
3,0.5337,-1.0,0,1,18,1
2,0.5794,1.0,0,3,18,0
2,0.5877,-1.0,0,3,18,0
3,0.5337,1.0,0,7,18,0
3,0.4721,-1.0,0,7,18,0
3,0.5535,1.0,0,7,18,0
2,0.5535,-1.0,0,5,18,1
2,0.4721,-1.0,0,6,18,1
2,0.5535,1.0,0,4,18,1
2,0.5535,1.0,0,2,18,1
1,0.5535,1.0,0,1,18,1
2,0.5056,-1.0,0,1,18,0
2,0.3043,0.0,0,-1,18,1
2,0.4721,1.0,0,2,18,1
3,0.5337,-1.0,0,1,18,1
2,0.5535,1.0,0,-1,18,1
3,0.5337,1.0,0,-1,18,0
2,0.4721,1.0,0,1,18,0
3,0.5337,-1.0,0,-2,18,1
3,0.5337,1.0,0,-5,18,1
3,0.5877,-1.0,0,-5,18,0
2,0.4721,-1.0,0,-5,18,1
2,0.5337,1.0,0,-3,18,0
2,0.5535,1.0,0,-5,18,1
3,0.5056,-1.0,0,-8,18,1
1,0.5337,-1.0,0,-9,18,1
1,0.5337,1.0,0,-10,18,1
2,0.4721,1.0,0,-9,18,1
2,0.5337,1.0,0,-9,18,1
3,0.5056,1.0,0,-9,18,0
3,0.5337,1.0,0,-10,18,1
1,0.5056,-1.0,0,-11,18,1
1,0.5056,1.0,0,-12,18,1
2,0.5056,1.0,0,-11,18,1
1,0.5877,-1.0,0,-10,18,1
1,0.5877,1.0,0,-11,18,1
1,0.5337,1.0,0,-10,18,1
1,0.5337,1.0,0,-11,18,1
3,0.5337,0.0,1,0,19,0
3,0.5877,0.0,1,3,19,1
2,0.4721,0.0,1,3,19,0
2,0.4721,-1.0,1,5,19,1
2,0.4721,1.0,1,2,19,0
2,0.5794,0.0,1,2,19,0
2,0.5337,-1.0,1,-1,19,0
3,0.4721,-1.0,1,2,19,1
3,0.5337,-1.0,1,2,19,0
3,0.4721,1.0,1,3,19,1
3,0.4721,1.0,1,2,19,1
2,0.5877,1.0,1,2,19,0
3,0.3043,0.0,1,2,19,0
3,0.5535,0.0,1,5,19,1
2,0.5535,1.0,1,4,19,1
2,0.4211,0.0,1,6,19,1
3,0.5056,0.0,1,9,19,1
2,0.4721,1.0,1,7,19,0
3,0.4721,-1.0,1,7,19,0
2,0.5337,-1.0,1,4,19,0
1,0.5535,1.0,1,4,19,0
1,0.5535,-1.0,1,5,19,1
2,0.3043,-1.0,1,7,19,1
3,0.5337,-1.0,1,10,19,1
2,0.5794,-1.0,1,10,19,0
2,0.5794,-1.0,1,12,19,1
3,0.5337,1.0,1,15,19,1
2,0.4721,-1.0,1,13,19,0
1,0.5794,1.0,1,13,19,0
1,0.5794,-1.0,1,14,19,1
2,0.5337,1.0,1,14,19,0
3,0.4721,-1.0,1,11,19,0
3,0.5056,1.0,1,11,19,0
2,0.5056,-1.0,1,13,19,1
2,0.4721,-1.0,1,10,19,0
2,0.4721,-1.0,1,12,19,1
3,0.3043,1.0,1,12,19,0
3,0.5877,-1.0,1,12,19,0
2,0.5877,-1.0,1,12,19,0
3,0.4721,1.0,1,10,19,0
3,0.4721,-1.0,1,10,19,0
2,0.5337,-1.0,1,8,19,0
3,0.5337,-1.0,1,9,19,1
2,0.5056,1.0,1,9,19,0
3,0.5535,1.0,1,9,19,0
1,0.5794,1.0,1,8,19,1
1,0.5794,1.0,1,9,19,1
3,0.5337,1.0,1,12,19,1
3,0.4721,-1.0,1,13,19,1
3,0.4721,1.0,1,13,19,0
1,0.4211,1.0,1,14,19,1
1,0.4211,1.0,1,15,19,1
2,0.5794,1.0,1,17,19,1
2,0.5535,-1.0,1,17,19,0
2,0.3043,-1.0,1,17,19,1
1,0.5337,1.0,1,17,19,1
1,0.5337,1.0,1,18,19,1
3,0.4721,-1.0,1,18,19,0
2,0.5794,1.0,1,20,19,1
2,0.5794,1.0,1,22,19,1
2,0.3043,1.0,1,20,19,0
2,0.5535,-1.0,1,22,19,1
2,0.4211,1.0,1,22,19,0
2,0.3333,0.0,1,22,19,0
3,0.5056,-1.0,1,22,19,0
2,0.3333,-1.0,1,24,19,1
2,0.5337,0.0,1,2,20,1
2,0.5794,0.0,1,-1,20,0
2,0.5535,0.0,1,-1,20,0
3,0.4721,0.0,1,-3,20,0
2,0.5056,0.0,1,-5,20,0
1,0.5056,-1.0,1,-4,20,1
1,0.5056,1.0,1,-3,20,1
2,0.5535,-1.0,1,-3,20,0
2,0.4721,-1.0,1,-3,20,0
3,0.5056,1.0,1,-3,20,0
2,0.5877,0.0,1,-3,20,0
3,0.4211,0.0,1,-3,20,1
3,0.5794,-1.0,1,0,20,1
3,0.5337,1.0,1,0,20,1
2,0.5794,1.0,1,0,20,1
2,0.5794,1.0,1,2,20,1
3,0.4721,-1.0,1,3,20,1
3,0.5535,-1.0,1,3,20,0
3,0.5056,-1.0,1,4,20,1
1,0.5877,-1.0,1,5,20,1
1,0.5877,1.0,1,6,20,1
2,0.5056,1.0,1,8,20,1
3,0.4721,1.0,1,11,20,1
3,0.5056,1.0,1,14,20,1
3,0.5337,1.0,1,17,20,1
1,0.4928,0.0,1,15,20,1
1,0.4928,1.0,1,15,20,0
3,0.4211,1.0,1,18,20,1
2,0.4721,1.0,1,16,20,1
2,0.4721,1.0,1,16,20,0
1,0.5877,1.0,1,14,20,0
1,0.5877,-1.0,1,15,20,1
2,0.4721,-1.0,1,15,20,0
3,0.5056,1.0,1,15,20,0
3,0.4721,-1.0,1,13,20,0
2,0.5794,1.0,1,15,20,1
2,0.4721,-1.0,1,15,20,0
3,0.5337,1.0,1,13,20,0
3,0.5337,-1.0,1,11,20,0
3,0.4928,-1.0,1,11,20,0
1,0.5337,-1.0,1,12,20,1
1,0.5337,1.0,1,12,20,0
3,0.5056,-1.0,1,15,20,1
2,0.5535,-1.0,1,15,20,1
1,0.5535,1.0,1,15,20,0
1,0.5794,1.0,1,16,20,1
1,0.5794,1.0,1,17,20,1
2,0.5056,1.0,1,17,20,0
1,0.4928,-1.0,1,16,20,1
1,0.4928,1.0,1,17,20,1
2,0.5535,-1.0,1,15,20,0
3,0.4928,1.0,1,15,20,0
2,0.4211,1.0,1,15,20,0
1,0.4928,-1.0,1,16,20,1
1,0.4928,1.0,1,17,20,1
3,0.4211,-1.0,1,17,20,0
1,0.5794,1.0,1,18,20,1
1,0.5794,1.0,1,19,20,1
2,0.5877,1.0,1,17,20,0
3,0.5337,-1.0,1,20,20,1
1,0.5794,1.0,1,19,20,1
1,0.5794,1.0,1,20,20,1
3,0.5877,-1.0,1,17,20,0
2,0.5056,-1.0,1,15,20,0
2,0.5877,-1.0,1,17,20,1
2,0.5535,-1.0,1,17,20,0
3,0.4721,-1.0,1,12,20,0
2,0.5337,1.0,1,11,20,1
1,0.5337,1.0,1,12,20,1
1,0.5337,1.0,1,13,20,1
1,0.5337,1.0,1,14,20,1
2,0.5056,-1.0,1,16,20,1
3,0.5877,0.0,0,3,21,0
2,0.5877,-1.0,0,5,21,1
3,0.5337,0.0,0,8,21,0
1,0.5877,1.0,0,7,21,1
1,0.5877,1.0,0,6,21,1
2,0.5056,0.0,0,4,21,1
2,0.5056,1.0,0,7,21,1
2,0.5794,0.0,0,10,21,0
3,0.5056,1.0,0,9,21,1
2,0.5794,-1.0,0,9,21,0
3,0.5056,1.0,0,6,21,1
2,0.5535,0.0,0,7,21,1
3,0.5535,1.0,0,6,21,1
3,0.5337,-1.0,0,8,21,0
2,0.5535,1.0,0,9,21,1
3,0.5337,-1.0,0,6,21,1
2,0.5337,1.0,0,6,21,0
3,0.5877,1.0,0,3,21,1
3,0.4721,0.0,0,5,21,0
3,0.4721,-1.0,0,7,21,0
3,0.5794,-1.0,0,10,21,0
3,0.5337,-1.0,0,10,21,0
2,0.4721,-1.0,0,12,21,0
3,0.5337,-1.0,0,14,21,0
1,0.4721,-1.0,0,13,21,1
1,0.4721,1.0,0,12,21,1
3,0.5337,-1.0,0,9,21,1
3,0.5337,1.0,0,11,21,0
3,0.5056,1.0,0,14,21,0
3,0.4721,1.0,0,14,21,0
2,0.4721,-1.0,0,12,21,1
1,0.5877,1.0,0,11,21,1
1,0.5877,1.0,0,10,21,1
2,0.5535,1.0,0,12,21,0
2,0.5877,1.0,0,12,21,0
2,0.5794,-1.0,0,10,21,1
3,0.4721,1.0,0,10,21,0
2,0.4721,-1.0,0,8,21,1
3,0.4721,1.0,0,8,21,0
2,0.5535,-1.0,0,8,21,0
2,0.5794,1.0,0,6,21,1
2,0.5877,-1.0,0,9,21,1
1,0.5877,1.0,0,8,21,1
3,0.5337,-1.0,0,5,21,1
3,0.5337,1.0,0,8,21,0
2,0.5877,1.0,0,6,21,1
3,0.4721,-1.0,0,6,21,0
3,0.5535,-1.0,0,6,21,0
1,0.5535,-1.0,0,5,21,1
1,0.5535,1.0,0,5,21,0
2,0.5535,-1.0,0,5,21,0
1,0.5877,1.0,0,4,21,1
1,0.5877,1.0,0,3,21,1
2,0.5794,1.0,0,3,21,0
3,0.5337,-1.0,0,3,21,0
3,0.4928,0.0,0,5,21,0
3,0.4721,-1.0,0,5,21,0
2,0.5056,-1.0,0,7,21,0
3,0.5535,-1.0,0,9,21,0
1,0.5056,-1.0,0,10,21,1
1,0.5056,1.0,0,9,21,1
1,0.5337,-1.0,0,8,21,1
1,0.5337,1.0,0,7,21,1
2,0.4721,-1.0,0,10,21,0
2,0.5535,-1.0,0,13,21,0
2,0.5535,-1.0,0,13,21,1
1,0.5877,1.0,0,12,21,1
1,0.5535,1.0,0,13,21,0
1,0.5877,1.0,0,11,21,1
1,0.4721,-1.0,0,10,21,1
1,0.4721,1.0,0,10,21,0
2,0.5337,1.0,0,8,21,1
3,0.5337,1.0,0,10,21,0
3,0.5056,1.0,0,10,21,0
2,0.5337,-1.0,0,10,21,0
3,0.5535,-1.0,0,12,21,0
3,0.4211,0.0,0,11,21,1
3,0.5337,-1.0,0,8,21,1
3,0.5056,-1.0,0,9,21,1
3,0.5794,-1.0,0,10,21,0
2,0.5794,0.0,1,0,22,0
3,0.5337,0.0,1,-3,22,0
2,0.5056,0.0,1,-3,22,1
3,0.5337,-1.0,1,-1,22,1
2,0.5056,1.0,1,-3,22,0
1,0.5794,-1.0,1,-2,22,1
1,0.5794,1.0,1,-1,22,1
2,0.5794,1.0,1,1,22,1
1,0.5794,1.0,1,2,22,1
1,0.5794,1.0,1,3,22,1
2,0.5877,0.0,1,1,22,0
2,0.4928,0.0,1,1,22,1
2,0.5337,1.0,1,3,22,1
1,0.5337,1.0,1,4,22,1
3,0.5337,1.0,1,4,22,0
2,0.5794,1.0,1,4,22,1
2,0.5794,1.0,1,2,22,0
2,0.5056,-1.0,1,2,22,0
2,0.5794,-1.0,1,4,22,1
2,0.5337,-1.0,1,1,22,0
1,0.5535,0.0,1,2,22,1
1,0.5535,1.0,1,3,22,1
2,0.5794,1.0,1,5,22,1
2,0.5056,-1.0,1,7,22,1
1,0.4928,1.0,1,8,22,1
1,0.4928,1.0,1,9,22,1
2,0.5337,-1.0,1,9,22,0
2,0.5877,-1.0,1,9,22,1
2,0.5056,1.0,1,9,22,1
3,0.5337,-1.0,1,9,22,1
2,0.5535,1.0,1,9,22,0
3,0.5794,1.0,1,9,22,0
3,0.5337,1.0,1,12,22,1
2,0.5794,-1.0,1,14,22,1
2,0.5794,1.0,1,9,22,0
3,0.5877,1.0,1,10,22,1
2,0.5794,-1.0,1,7,22,0
2,0.5794,-1.0,1,9,22,1
2,0.5337,1.0,1,9,22,1
3,0.4928,1.0,1,10,22,1
2,0.5056,1.0,1,12,22,1
2,0.5535,-1.0,1,12,22,0
2,0.5794,1.0,1,14,22,1
2,0.5337,1.0,1,14,22,0
3,0.5337,-1.0,1,17,22,1
2,0.5794,1.0,1,19,22,1
2,0.5794,1.0,1,19,22,1
3,0.5337,1.0,1,19,22,0
2,0.5877,1.0,1,19,22,1
1,0.5337,-1.0,1,20,22,1
1,0.5337,1.0,1,21,22,1
2,0.5877,1.0,1,21,22,0
2,0.5056,1.0,1,23,22,1
2,0.5337,1.0,1,19,22,0
3,0.5535,-1.0,1,17,22,0
2,0.5535,-1.0,1,16,22,1
1,0.5535,1.0,1,16,22,0
1,0.5056,1.0,1,14,22,1
1,0.5056,1.0,1,15,22,1
2,0.5877,-1.0,1,11,22,0
2,0.5794,1.0,1,13,22,1
1,0.5877,-1.0,1,14,22,1
1,0.5877,1.0,1,15,22,1
2,0.5535,-1.0,1,12,22,1
1,0.5056,1.0,1,11,22,1
1,0.5056,1.0,1,12,22,1
1,0.4928,1.0,1,13,22,1
1,0.4928,1.0,1,14,22,1
1,0.5056,1.0,1,15,22,1
1,0.5056,1.0,1,16,22,1
2,0.5877,1.0,1,15,22,1
3,0.4721,0.0,0,0,23,0
3,0.5794,0.0,0,-3,23,1
3,0.4721,-1.0,0,0,23,0
2,0.5535,0.0,0,-2,23,1
2,0.5337,0.0,0,-2,23,0
1,0.5535,1.0,0,-3,23,1
1,0.5535,1.0,0,-4,23,1
2,0.5056,0.0,0,-4,23,0
3,0.5535,1.0,0,-1,23,0
2,0.5877,0.0,0,-1,23,1
2,0.5877,1.0,0,-3,23,1
2,0.5794,1.0,0,-5,23,1
1,0.5794,1.0,0,-6,23,1
2,0.4721,-1.0,0,-6,23,0
3,0.5337,-1.0,0,-4,23,0
2,0.5056,-1.0,0,-6,23,1
3,0.5056,1.0,0,-6,23,0
1,0.5535,-1.0,0,-7,23,1
1,0.5535,1.0,0,-7,23,0
1,0.4721,-1.0,0,-7,23,0
1,0.4721,-1.0,0,-7,23,0
2,0.4211,0.0,0,-7,23,0
2,0.5794,1.0,0,-7,23,1
2,0.5056,-1.0,0,-5,23,0
3,0.4721,-1.0,0,-5,23,0
3,0.4721,-1.0,0,-8,23,1
2,0.5794,1.0,0,-8,23,1
1,0.5535,-1.0,0,-7,23,1
1,0.5535,1.0,0,-8,23,1
2,0.5877,1.0,0,-8,23,1
1,0.4721,1.0,0,-6,23,1
1,0.4721,1.0,0,-7,23,1
2,0.5535,1.0,0,-7,23,0
2,0.5056,-1.0,0,-9,23,1
3,0.5535,-1.0,0,-7,23,0
2,0.5794,1.0,0,-6,23,1
3,0.5794,1.0,0,-6,23,0
2,0.5337,-1.0,0,-6,23,0
2,0.5794,-1.0,0,-3,23,0
2,0.5794,-1.0,0,-5,23,1
2,0.5794,1.0,0,-7,23,1
3,0.5337,-1.0,0,-7,23,0
2,0.5877,1.0,0,-9,23,1
2,0.5877,1.0,0,-9,23,0
1,0.4721,1.0,0,-10,23,1
1,0.4721,1.0,0,-11,23,1
3,0.3043,0.0,0,-11,23,0
3,0.5056,1.0,0,-11,23,0
1,0.4721,1.0,0,-11,23,0
1,0.4721,-1.0,0,-11,23,0
2,0.5056,-1.0,0,-13,23,1
1,0.5056,1.0,0,-14,23,1
2,0.5535,-1.0,0,-16,23,1
2,0.5877,-1.0,0,-12,23,1
1,0.5535,1.0,0,-12,23,0
1,0.5535,-1.0,0,-12,23,0
2,0.5877,1.0,0,-10,23,0
3,0.5056,1.0,0,-10,23,0
2,0.4721,-1.0,0,-10,23,0
1,0.4721,-1.0,0,-11,23,1
1,0.4721,1.0,0,-12,23,1
3,0.5337,-1.0,0,-10,23,0
3,0.4721,1.0,0,-13,23,1
2,0.4721,1.0,0,-13,23,1
2,0.5056,-1.0,0,-11,23,0
3,0.4721,1.0,0,-11,23,0
3,0.5056,-1.0,0,-14,23,1
3,0.5056,1.0,0,-17,23,1
3,0.4211,-1.0,0,-16,23,0
2,0.5877,-1.0,0,-16,23,0
2,0.5535,-1.0,0,-18,23,1
2,0.5877,-1.0,0,-20,23,1
1,0.4928,0.0,0,-16,23,1
1,0.4928,1.0,0,-17,23,1
1,0.5877,1.0,0,-10,23,1
1,0.5877,1.0,0,-11,23,1
3,0.5056,1.0,0,-8,23,0
2,0.4721,-1.0,0,-8,23,1
1,0.5535,1.0,0,-4,23,1
1,0.5535,1.0,0,-5,23,1
1,0.5877,1.0,0,-5,23,0
1,0.5877,-1.0,0,-6,23,1
3,0.4721,0.0,1,0,24,0
2,0.4721,-1.0,1,-1,24,1
2,0.5794,0.0,1,-3,24,0
2,0.5337,0.0,1,-1,24,1
2,0.5794,-1.0,1,-2,24,1
3,0.5535,0.0,1,-4,24,0
1,0.5877,0.0,1,-3,24,1
1,0.5877,1.0,1,-2,24,1
3,0.5877,1.0,1,-2,24,0
3,0.4721,1.0,1,-4,24,0
2,0.5056,0.0,1,-2,24,1
2,0.3043,0.0,1,-2,24,0
3,0.3043,-1.0,1,-2,24,1
3,0.4721,-1.0,1,-5,24,0
2,0.4721,-1.0,1,-6,24,0
3,0.3043,1.0,1,-6,24,0
3,0.5337,1.0,1,-3,24,1
2,0.5056,1.0,1,-3,24,0
2,0.5535,-1.0,1,-1,24,1
3,0.5794,1.0,1,-4,24,0
2,0.5794,-1.0,1,-2,24,1
2,0.5535,1.0,1,0,24,1
3,0.5535,1.0,1,3,24,1
2,0.5535,1.0,1,2,24,1
3,0.5056,-1.0,1,0,24,0
2,0.5877,-1.0,1,0,24,0
2,0.5794,1.0,1,0,24,0
2,0.5337,1.0,1,0,24,0
2,0.5877,-1.0,1,0,24,0
2,0.4721,-1.0,1,0,24,0
2,0.5794,-1.0,1,-3,24,0
3,0.5535,1.0,1,-3,24,0
3,0.4721,-1.0,1,-3,24,0
3,0.5337,-1.0,1,-2,24,1
3,0.5535,-1.0,1,-2,24,0
3,0.5337,1.0,1,-2,24,0
2,0.4721,-1.0,1,-5,24,0
2,0.5794,-1.0,1,-3,24,1
1,0.5794,1.0,1,-2,24,1
1,0.5794,1.0,1,-4,24,0
1,0.5794,-1.0,1,-3,24,1
3,0.5056,-1.0,1,-2,24,1
1,0.5337,-1.0,1,-1,24,1
1,0.5337,1.0,1,0,24,1
3,0.5535,-1.0,1,0,24,0
2,0.5877,-1.0,1,2,24,1
2,0.5535,-1.0,1,4,24,1
3,0.5056,1.0,1,0,24,0
3,0.5056,-1.0,1,-2,24,0
3,0.5877,1.0,1,-4,24,0
1,0.4721,-1.0,1,-6,24,1
1,0.4721,1.0,1,-5,24,1
2,0.5877,-1.0,1,-3,24,1
2,0.5877,1.0,1,-1,24,1
2,0.5337,1.0,1,-1,24,0
2,0.5535,1.0,1,1,24,1
1,0.5535,1.0,1,2,24,1
2,0.5056,-1.0,1,2,24,0
3,0.4721,1.0,1,3,24,1
1,0.4721,1.0,1,3,24,1
1,0.4721,1.0,1,4,24,1
2,0.5794,1.0,1,2,24,0
3,0.4928,0.0,1,5,24,1
2,0.5794,-1.0,1,2,24,0
2,0.5794,-1.0,1,2,24,0
2,0.5535,1.0,1,1,24,1
3,0.4721,1.0,1,2,24,1
2,0.5877,1.0,1,2,24,1
3,0.5056,-1.0,1,2,24,0
3,0.4721,1.0,1,2,24,0
1,0.4721,-1.0,1,3,24,1
1,0.4721,1.0,1,4,24,1
1,0.4721,1.0,1,5,24,1
1,0.4721,1.0,1,6,24,1
3,0.4721,0.0,0,-3,25,1
2,0.4721,1.0,0,-3,25,1
3,0.5877,0.0,0,-6,25,1
3,0.4721,1.0,0,-5,25,1
2,0.5337,0.0,0,-5,25,0
1,0.5794,0.0,0,-6,25,1
1,0.5794,1.0,0,-7,25,1
2,0.5535,0.0,0,-5,25,0
3,0.4721,1.0,0,-5,25,0
3,0.5056,0.0,0,-3,25,0
2,0.5056,-1.0,0,-3,25,0
3,0.4721,-1.0,0,-4,25,1
2,0.5535,-1.0,0,-2,25,0
3,0.5535,-1.0,0,-2,25,0
2,0.5535,-1.0,0,-2,25,0
2,0.5794,1.0,0,-2,25,0
3,0.4721,1.0,0,-2,25,0
2,0.4721,-1.0,0,-4,25,1
2,0.5535,-1.0,0,-4,25,1
2,0.5337,-1.0,0,-3,25,1
2,0.5056,-1.0,0,-3,25,1
2,0.5877,1.0,0,-1,25,1
3,0.5056,1.0,0,-1,25,0
3,0.4721,1.0,0,-1,25,0
2,0.5535,1.0,0,-3,25,1
1,0.5535,1.0,0,-4,25,1
3,0.5337,1.0,0,-2,25,0
2,0.5535,1.0,0,-1,25,1
3,0.4721,-1.0,0,-2,25,1
3,0.5337,-1.0,0,-4,25,1
1,0.4721,1.0,0,-2,25,1
1,0.4721,1.0,0,-3,25,1
3,0.5337,1.0,0,-4,25,1
2,0.5794,-1.0,0,-4,25,0
2,0.5794,-1.0,0,-6,25,1
2,0.5337,1.0,0,-5,25,0
2,0.5337,-1.0,0,-7,25,1
2,0.4721,1.0,0,-7,25,0
3,0.4721,-1.0,0,-3,25,0
1,0.5337,1.0,0,-4,25,1
1,0.5337,1.0,0,-5,25,1
2,0.5337,1.0,0,-5,25,1
1,0.5337,1.0,0,-6,25,1
3,0.5337,1.0,0,-7,25,1
2,0.5877,1.0,0,-6,25,1
2,0.5794,1.0,0,-6,25,1
1,0.5794,1.0,0,-6,25,0
2,0.5794,-1.0,0,-4,25,0
3,0.5337,1.0,0,-4,25,0
2,0.5337,-1.0,0,-4,25,1
1,0.5337,1.0,0,-5,25,1
2,0.5337,1.0,0,-5,25,0
2,0.5337,-1.0,0,-7,25,1
1,0.4721,-1.0,0,-3,25,0
1,0.4721,-1.0,0,-3,25,0
1,0.4721,-1.0,0,-4,25,1
3,0.4721,1.0,0,-2,25,0
3,0.5056,-1.0,0,-3,25,1
1,0.5794,-1.0,0,-3,25,0
1,0.5056,1.0,0,-4,25,1
1,0.5056,1.0,0,-5,25,1
1,0.5056,1.0,0,-3,25,0
2,0.4721,-1.0,0,-3,25,0
2,0.5877,1.0,0,-5,25,1
1,0.5877,1.0,0,-6,25,1
1,0.5877,1.0,0,-7,25,1
3,0.4721,-1.0,0,-6,25,0
2,0.5877,1.0,0,-5,25,1
3,0.5337,1.0,0,-2,25,0
3,0.5337,-1.0,0,-5,25,1
2,0.5337,1.0,0,-5,25,0
2,0.5794,-1.0,0,-4,25,1
1,0.5794,1.0,0,-4,25,0
1,0.5337,-1.0,0,-3,25,1
1,0.5337,1.0,0,-4,25,1
3,0.5337,1.0,0,-5,25,1
1,0.5337,1.0,0,-6,25,1
1,0.5337,1.0,0,-7,25,1
1,0.5056,-1.0,0,-7,25,1
1,0.5056,1.0,0,-8,25,1
1,0.5535,0.0,1,0,26,0
1,0.5535,-1.0,1,1,26,1
3,0.4721,0.0,1,1,26,0
1,0.5535,1.0,1,2,26,1
1,0.5535,1.0,1,3,26,1
2,0.5794,0.0,1,3,26,1
3,0.4721,-1.0,1,3,26,0
1,0.5535,1.0,1,4,26,1
1,0.5535,1.0,1,5,26,1
3,0.5056,0.0,1,3,26,0
2,0.5794,1.0,1,5,26,1
2,0.5056,-1.0,1,5,26,0
3,0.5337,0.0,1,8,26,1
2,0.4721,-1.0,1,7,26,0
3,0.5337,1.0,1,7,26,0
3,0.4721,-1.0,1,7,26,0
2,0.5337,-1.0,1,7,26,0
1,0.4721,-1.0,1,8,26,1
1,0.4721,1.0,1,9,26,1
2,0.5877,0.0,1,11,26,1
3,0.4721,1.0,1,4,26,0
3,0.4211,0.0,1,7,26,1
2,0.4721,-1.0,1,7,26,0
3,0.5337,-1.0,1,7,26,0
3,0.4211,1.0,1,7,26,0
3,0.4721,-1.0,1,4,26,0
2,0.5337,-1.0,1,4,26,0
3,0.5056,-1.0,1,4,26,0
3,0.4721,-1.0,1,4,26,0
3,0.5877,1.0,1,4,26,1
2,0.4721,-1.0,1,6,26,1
1,0.5337,-1.0,1,7,26,1
1,0.5337,1.0,1,8,26,1
1,0.5535,1.0,1,9,26,1
1,0.5535,1.0,1,10,26,1
2,0.5794,1.0,1,10,26,0
2,0.5877,1.0,1,10,26,1
3,0.5337,1.0,1,8,26,0
1,0.5337,-1.0,1,9,26,1
1,0.5337,1.0,1,10,26,1
3,0.5337,1.0,1,7,26,0
3,0.4721,1.0,1,7,26,1
3,0.4721,1.0,1,7,26,1
2,0.4721,1.0,1,6,26,1
3,0.5794,-1.0,1,8,26,1
2,0.5056,-1.0,1,5,26,0
3,0.5337,-1.0,1,3,26,0
2,0.5877,1.0,1,5,26,1
2,0.5337,-1.0,1,7,26,1
2,0.4928,0.0,1,5,26,0
3,0.4928,-1.0,1,8,26,1
3,0.5056,-1.0,1,11,26,1
3,0.5877,1.0,1,11,26,0
2,0.5056,1.0,1,11,26,0
3,0.5056,-1.0,1,9,26,0
2,0.5794,1.0,1,7,26,1
1,0.5794,1.0,1,8,26,1
3,0.5535,1.0,1,6,26,0
3,0.4928,1.0,1,3,26,0
3,0.4721,1.0,1,3,26,0
2,0.5056,-1.0,1,5,26,1
3,0.5056,1.0,1,8,26,1
2,0.5535,-1.0,1,8,26,1
2,0.4721,-1.0,1,8,26,1
1,0.4721,1.0,1,9,26,1
2,0.4721,1.0,1,6,26,0
2,0.5056,1.0,1,8,26,1
2,0.5535,1.0,1,8,26,0
1,0.4721,-1.0,1,9,26,1
1,0.4721,1.0,1,10,26,1
2,0.5337,1.0,1,10,26,0
2,0.5877,-1.0,1,12,26,1
2,0.4721,1.0,1,10,26,1
1,0.4721,1.0,1,10,26,0
3,0.5535,0.0,0,2,27,0
2,0.5794,0.0,0,2,27,0
3,0.5535,-1.0,0,1,27,1
3,0.4721,0.0,0,-2,27,1
2,0.5794,-1.0,0,0,27,0
3,0.4721,1.0,0,3,27,0
2,0.5337,0.0,0,4,27,1
2,0.5877,0.0,0,2,27,1
3,0.5056,0.0,0,1,27,1
3,0.5877,1.0,0,3,27,0
2,0.4721,-1.0,0,4,27,1
2,0.5337,1.0,0,2,27,1
3,0.5877,-1.0,0,-1,27,1
2,0.4928,0.0,0,2,27,0
2,0.5535,1.0,0,0,27,1
1,0.4721,1.0,0,0,27,0
1,0.4721,-1.0,0,-1,27,1
2,0.5056,1.0,0,-1,27,0
3,0.5877,1.0,0,1,27,0
1,0.5337,1.0,0,0,27,1
1,0.5337,1.0,0,-1,27,1
1,0.5337,1.0,0,-2,27,1
1,0.5337,1.0,0,-2,27,0
3,0.5535,1.0,0,-5,27,1
3,0.5535,1.0,0,0,27,0
1,0.4721,1.0,0,0,27,0
1,0.4721,-1.0,0,-1,27,1
3,0.5877,-1.0,0,1,27,0
2,0.5877,-1.0,0,-1,27,1
3,0.4721,1.0,0,1,27,0
1,0.5794,-1.0,0,0,27,1
1,0.5794,1.0,0,-1,27,1
3,0.5337,-1.0,0,2,27,0
2,0.5794,1.0,0,3,27,1
3,0.5535,-1.0,0,5,27,0
3,0.5877,1.0,0,4,27,1
1,0.5535,-1.0,0,3,27,1
1,0.5535,1.0,0,2,27,1
3,0.5337,-1.0,0,4,27,0
3,0.4721,-1.0,0,1,27,1
3,0.5337,-1.0,0,3,27,0
3,0.5056,-1.0,0,2,27,1
2,0.5794,1.0,0,2,27,0
3,0.5877,1.0,0,4,27,0
3,0.5337,-1.0,0,1,27,1
2,0.5337,1.0,0,1,27,0
2,0.5877,-1.0,0,4,27,0
3,0.5877,-1.0,0,1,27,1
2,0.5337,-1.0,0,1,27,0
3,0.4721,1.0,0,1,27,0
2,0.4721,-1.0,0,1,27,0
3,0.5337,-1.0,0,-2,27,1
3,0.5877,1.0,0,0,27,0
3,0.4721,-1.0,0,0,27,0
2,0.5056,1.0,0,1,27,1
2,0.4721,-1.0,0,-1,27,1
2,0.5535,1.0,0,1,27,0
1,0.5337,1.0,0,0,27,1
1,0.5337,1.0,0,-1,27,1
3,0.5535,-1.0,0,-4,27,1
1,0.5337,1.0,0,-1,27,1
1,0.5337,1.0,0,-2,27,1
1,0.5877,-1.0,0,-3,27,1
1,0.5877,1.0,0,-4,27,1
1,0.5056,1.0,0,-4,27,0
2,0.5794,0.0,1,2,28,1
2,0.5794,1.0,1,-1,28,0
3,0.5337,0.0,1,-4,28,0
3,0.4721,0.0,1,-7,28,0
3,0.5794,-1.0,1,-4,28,1
3,0.5877,0.0,1,-4,28,0
1,0.5337,-1.0,1,-3,28,1
1,0.5337,1.0,1,-2,28,1
2,0.4721,-1.0,1,-2,28,0
2,0.5877,-1.0,1,-3,28,1
1,0.5877,1.0,1,-2,28,1
2,0.5337,1.0,1,-2,28,0
3,0.5056,0.0,1,-2,28,0
2,0.5056,-1.0,1,0,28,1
3,0.4721,-1.0,1,0,28,0
1,0.5535,0.0,1,1,28,1
1,0.5535,1.0,1,1,28,0
2,0.5794,1.0,1,1,28,1
3,0.5337,-1.0,1,2,28,1
2,0.5535,-1.0,1,4,28,1
1,0.5535,1.0,1,3,28,1
1,0.5535,1.0,1,4,28,1
2,0.5337,1.0,1,4,28,0
3,0.5337,-1.0,1,1,28,0
2,0.5794,1.0,1,-1,28,0
3,0.4928,0.0,1,-1,28,0
3,0.5056,1.0,1,-1,28,0
2,0.4211,0.0,1,1,28,1
2,0.5056,-1.0,1,2,28,1
2,0.4721,-1.0,1,4,28,1
3,0.5056,1.0,1,4,28,0
3,0.5337,-1.0,1,7,28,1
2,0.5337,1.0,1,7,28,1
1,0.5056,-1.0,1,8,28,1
1,0.5056,1.0,1,9,28,1
2,0.5535,1.0,1,11,28,1
3,0.4721,1.0,1,14,28,1
3,0.4721,1.0,1,14,28,0
2,0.5794,-1.0,1,10,28,1
3,0.5877,1.0,1,10,28,0
2,0.5794,1.0,1,12,28,1
2,0.4721,-1.0,1,9,28,0
2,0.5794,1.0,1,9,28,0
2,0.5794,-1.0,1,9,28,0
3,0.5337,1.0,1,9,28,0
1,0.5794,-1.0,1,10,28,1
1,0.5794,1.0,1,11,28,1
3,0.4721,-1.0,1,11,28,0
3,0.5794,1.0,1,11,28,0
1,0.5535,1.0,1,9,28,1
1,0.5535,1.0,1,10,28,1
2,0.5535,1.0,1,7,28,0
2,0.5794,-1.0,1,2,28,0
3,0.5337,-1.0,1,3,28,1
2,0.5056,1.0,1,2,28,1
3,0.5056,1.0,1,5,28,1
2,0.5337,1.0,1,5,28,0
3,0.4721,-1.0,1,3,28,0
3,0.5056,1.0,1,6,28,1
3,0.5337,-1.0,1,6,28,0
2,0.5877,-1.0,1,6,28,0
2,0.4721,-1.0,1,4,28,0
2,0.4721,-1.0,1,4,28,0
2,0.5337,-1.0,1,4,28,0
3,0.5056,1.0,1,4,28,0
3,0.4721,-1.0,1,5,28,1
3,0.4721,1.0,1,5,28,1
2,0.5056,-1.0,1,4,28,1
1,0.5337,-1.0,1,5,28,1
1,0.5337,1.0,1,5,28,0
2,0.4721,1.0,1,5,28,0
1,0.4721,-1.0,1,5,28,0
1,0.4721,-1.0,1,6,28,1
3,0.5056,1.0,1,4,28,0
1,0.5794,-1.0,1,2,28,1
1,0.5794,1.0,1,3,28,1
1,0.5056,-1.0,1,2,28,1
1,0.5056,1.0,1,3,28,1
1,0.5056,1.0,1,2,28,1
1,0.5056,1.0,1,3,28,1
1,0.4721,1.0,1,1,28,0
1,0.4721,-1.0,1,2,28,1
3,0.5337,0.0,0,0,29,0
3,0.5535,0.0,0,0,29,0
2,0.5794,0.0,0,0,29,0
3,0.5535,-1.0,0,-3,29,1
2,0.5535,1.0,0,0,29,0
2,0.5535,-1.0,0,-2,29,1
3,0.5056,0.0,0,-5,29,1
2,0.5794,-1.0,0,-5,29,0
3,0.4211,0.0,0,-5,29,0
2,0.4928,0.0,0,-7,29,1
2,0.5056,1.0,0,-9,29,1
2,0.5535,1.0,0,-10,29,1
2,0.5535,1.0,0,-10,29,0
3,0.4721,0.0,0,-13,29,1
3,0.4211,-1.0,0,-16,29,1
3,0.4211,1.0,0,-19,29,1
3,0.5337,-1.0,0,-16,29,0
2,0.4928,1.0,0,-16,29,0
2,0.5535,-1.0,0,-16,29,1
2,0.4721,1.0,0,-16,29,1
2,0.4721,1.0,0,-16,29,1
2,0.5794,-1.0,0,-16,29,0
3,0.4211,1.0,0,-14,29,0
3,0.5337,-1.0,0,-17,29,1
2,0.5056,1.0,0,-17,29,0
1,0.4721,1.0,0,-18,29,1
1,0.4721,1.0,0,-19,29,1
2,0.4721,1.0,0,-17,29,0
3,0.4721,-1.0,0,-17,29,0
2,0.5535,1.0,0,-18,29,1
2,0.5337,1.0,0,-18,29,1
3,0.5056,-1.0,0,-16,29,0
2,0.5535,1.0,0,-14,29,0
2,0.5877,0.0,0,-16,29,1
2,0.4721,-1.0,0,-18,29,1
2,0.5337,1.0,0,-18,29,0
2,0.4721,1.0,0,-18,29,0
3,0.4928,-1.0,0,-18,29,0
3,0.4721,-1.0,0,-19,29,1
2,0.5877,1.0,0,-19,29,1
2,0.5337,-1.0,0,-17,29,0
1,0.4928,-1.0,0,-18,29,1
1,0.4928,1.0,0,-18,29,0
2,0.5794,-1.0,0,-18,29,0
2,0.4211,-1.0,0,-20,29,1
2,0.5056,-1.0,0,-22,29,1
1,0.4928,-1.0,0,-23,29,1
1,0.4928,1.0,0,-24,29,1
3,0.5535,-1.0,0,-22,29,0
3,0.4721,1.0,0,-22,29,0
2,0.4211,1.0,0,-22,29,0
3,0.5877,1.0,0,-25,29,1
3,0.5337,-1.0,0,-28,29,1
3,0.5056,1.0,0,-28,29,0
2,0.4721,-1.0,0,-23,29,0
2,0.4211,-1.0,0,-25,29,1
2,0.5535,-1.0,0,-21,29,0
2,0.5056,-1.0,0,-23,29,1
1,0.5056,1.0,0,-24,29,1
1,0.5056,1.0,0,-25,29,1
2,0.5535,-1.0,0,-25,29,1
2,0.4721,-1.0,0,-24,29,1
3,0.5337,1.0,0,-25,29,1
3,0.4211,1.0,0,-24,29,0
2,0.5535,1.0,0,-26,29,1
1,0.4721,1.0,0,-24,29,0
1,0.4721,-1.0,0,-24,29,0
2,0.3043,0.0,0,-22,29,0
3,0.4928,1.0,0,-25,29,1
2,0.4211,-1.0,0,-24,29,0
3,0.3333,0.0,0,-21,29,0
3,0.5337,0.0,0,0,30,0
2,0.4721,0.0,0,0,30,1
3,0.5337,-1.0,0,-3,30,1
2,0.5337,1.0,0,-1,30,0
3,0.4721,1.0,0,-1,30,0
2,0.5535,0.0,0,1,30,0
2,0.4721,-1.0,0,3,30,0
3,0.5535,-1.0,0,2,30,1
3,0.5877,0.0,0,2,30,0
3,0.5337,-1.0,0,2,30,1
3,0.5535,1.0,0,2,30,0
2,0.4721,-1.0,0,2,30,0
3,0.5535,-1.0,0,2,30,0
2,0.5535,-1.0,0,0,30,1
3,0.5337,1.0,0,2,30,0
2,0.5056,0.0,0,5,30,0
3,0.4721,-1.0,0,5,30,1
2,0.5794,0.0,0,5,30,0
2,0.5877,-1.0,0,3,30,1
3,0.5337,-1.0,0,0,30,1
3,0.5794,-1.0,0,2,30,0
2,0.4721,1.0,0,3,30,1
3,0.5337,1.0,0,3,30,0
3,0.5056,-1.0,0,0,30,1
3,0.5535,1.0,0,0,30,0
2,0.5337,-1.0,0,3,30,0
3,0.4928,0.0,0,3,30,0
2,0.5877,1.0,0,1,30,1
2,0.4721,1.0,0,-1,30,1
3,0.5535,-1.0,0,-1,30,0
3,0.5056,1.0,0,-2,30,1
1,0.5794,-1.0,0,-3,30,1
1,0.5794,1.0,0,-4,30,1
3,0.4721,1.0,0,-7,30,1
2,0.5535,-1.0,0,-7,30,1
2,0.5337,-1.0,0,-4,30,0
3,0.5056,1.0,0,-5,30,1
2,0.4721,1.0,0,-5,30,0
1,0.5056,1.0,0,-5,30,0
1,0.5056,-1.0,0,-5,30,0
3,0.5877,1.0,0,-2,30,0
3,0.5337,-1.0,0,-2,30,0
2,0.5794,1.0,0,-4,30,1
2,0.5535,1.0,0,-6,30,1
3,0.5056,-1.0,0,-6,30,0
3,0.5535,1.0,0,-6,30,0
1,0.5877,-1.0,0,-7,30,1
1,0.5877,1.0,0,-8,30,1
2,0.4721,-1.0,0,-10,30,1
3,0.4721,1.0,0,-11,30,1
3,0.5056,-1.0,0,-11,30,1
3,0.4721,1.0,0,-9,30,0
3,0.5337,-1.0,0,-9,30,1
1,0.5337,1.0,0,-7,30,0
3,0.4721,-1.0,0,-4,30,0
1,0.5535,-1.0,0,-4,30,0
1,0.5535,-1.0,0,-5,30,1
3,0.5056,1.0,0,-3,30,0
1,0.4721,-1.0,0,-1,30,0
1,0.4721,-1.0,0,-2,30,1
2,0.4721,1.0,0,0,30,0
3,0.4721,-1.0,0,2,30,0
3,0.5535,1.0,0,4,30,0
1,0.4721,-1.0,0,6,30,1
1,0.4721,1.0,0,6,30,0
1,0.5337,-1.0,0,5,30,1
1,0.5337,1.0,0,4,30,1
1,0.5535,-1.0,0,7,30,0
1,0.5535,-1.0,0,7,30,0
3,0.5535,-1.0,0,10,30,0
2,0.5877,1.0,0,8,30,1
3,0.5056,-1.0,0,7,30,1
2,0.5337,1.0,0,7,30,0
2,0.5056,1.0,0,5,30,1
2,0.5877,1.0,0,6,30,1
3,0.5535,0.0,1,0,31,0
2,0.5535,-1.0,1,2,31,1
3,0.4721,0.0,1,5,31,1
2,0.4721,1.0,1,7,31,1
2,0.4721,1.0,1,7,31,0
3,0.5056,0.0,1,5,31,0
3,0.4721,-1.0,1,4,31,0
3,0.5337,0.0,1,4,31,0
3,0.5056,-1.0,1,4,31,0
2,0.4211,0.0,1,4,31,0
2,0.5056,-1.0,1,6,31,1
1,0.4721,-1.0,1,4,31,0
1,0.4721,-1.0,1,5,31,1
2,0.5877,0.0,1,7,31,1
3,0.4211,-1.0,1,7,31,0
3,0.4721,1.0,1,5,31,0
3,0.4211,-1.0,1,5,31,0
2,0.4721,-1.0,1,3,31,0
3,0.5877,1.0,1,4,31,1
2,0.4721,-1.0,1,3,31,0
2,0.4721,-1.0,1,3,31,0
2,0.5794,0.0,1,5,31,1
2,0.5794,1.0,1,7,31,1
2,0.4211,-1.0,1,5,31,0
2,0.5337,-1.0,1,5,31,0
3,0.5056,1.0,1,5,31,0
3,0.5337,-1.0,1,3,31,0
2,0.5337,-1.0,1,1,31,0
3,0.4721,-1.0,1,1,31,0
2,0.5337,-1.0,1,3,31,1
3,0.5794,1.0,1,3,31,0
2,0.5794,-1.0,1,0,31,0
3,0.5337,1.0,1,0,31,0
3,0.5877,1.0,1,0,31,0
1,0.4721,-1.0,1,0,31,0
1,0.4721,-1.0,1,1,31,1
2,0.5337,-1.0,1,1,31,1
3,0.5056,-1.0,1,1,31,0
3,0.4721,1.0,1,4,31,1
3,0.5535,1.0,1,4,31,0
3,0.5877,-1.0,1,2,31,0
1,0.4721,1.0,1,2,31,0
1,0.4721,-1.0,1,3,31,1
2,0.5056,-1.0,1,5,31,1
3,0.4721,1.0,1,8,31,1
2,0.5535,-1.0,1,8,31,0
3,0.5535,-1.0,1,6,31,0
2,0.5535,-1.0,1,6,31,1
1,0.5535,1.0,1,7,31,1
3,0.5337,1.0,1,5,31,0
3,0.4721,1.0,1,5,31,0
2,0.4721,-1.0,1,3,31,0
3,0.5337,-1.0,1,3,31,1
2,0.5337,1.0,1,1,31,0
3,0.5535,1.0,1,1,31,0
2,0.5877,-1.0,1,-2,31,0
3,0.5056,1.0,1,-2,31,0
3,0.4721,-1.0,1,-4,31,0
1,0.5337,-1.0,1,-3,31,1
1,0.5337,1.0,1,-2,31,1
3,0.5056,-1.0,1,1,31,1
1,0.5056,1.0,1,1,31,0
3,0.5337,1.0,1,-1,31,0
3,0.5337,-1.0,1,2,31,1
3,0.5337,1.0,1,5,31,1
2,0.5337,1.0,1,4,31,0
2,0.4721,-1.0,1,4,31,1
1,0.5337,-1.0,1,5,31,1
1,0.5337,1.0,1,6,31,1
2,0.5535,0.0,1,0,32,0
3,0.5877,0.0,1,-3,32,0
3,0.5535,-1.0,1,0,32,1
3,0.5535,1.0,1,-3,32,0
3,0.5056,0.0,1,0,32,1
3,0.5877,-1.0,1,-2,32,0
3,0.5535,-1.0,1,1,32,1
3,0.5337,0.0,1,1,32,0
2,0.5535,1.0,1,-2,32,0
3,0.4211,0.0,1,1,32,1
2,0.5056,1.0,1,1,32,0
1,0.5877,-1.0,1,0,32,1
1,0.5877,1.0,1,1,32,1
3,0.4211,1.0,1,1,32,0
3,0.5877,1.0,1,2,32,1
3,0.4721,0.0,1,1,32,0
3,0.4721,-1.0,1,-1,32,0
3,0.5877,1.0,1,-4,32,0
2,0.5877,-1.0,1,-2,32,1
3,0.5337,-1.0,1,-2,32,0
3,0.5535,-1.0,1,1,32,1
3,0.5877,1.0,1,2,32,1
3,0.5535,1.0,1,0,32,0
3,0.5056,-1.0,1,3,32,1
2,0.5337,-1.0,1,5,32,1
2,0.5056,1.0,1,5,32,0
2,0.5056,-1.0,1,3,32,0
3,0.4721,-1.0,1,0,32,0
2,0.5535,-1.0,1,0,32,1
1,0.5535,1.0,1,1,32,1
2,0.4721,-1.0,1,3,32,1
3,0.5056,-1.0,1,3,32,0
2,0.4721,1.0,1,2,32,1
3,0.5535,1.0,1,2,32,0
2,0.5535,-1.0,1,-1,32,0
2,0.5056,-1.0,1,-1,32,0
3,0.5877,1.0,1,2,32,1
2,0.5877,1.0,1,4,32,1
2,0.4721,1.0,1,4,32,1
2,0.4721,1.0,1,4,32,0
2,0.5337,1.0,1,4,32,1
2,0.5535,-1.0,1,4,32,1
1,0.5535,1.0,1,5,32,1
3,0.4721,-1.0,1,5,32,0
3,0.5794,0.0,1,8,32,1
2,0.5535,1.0,1,5,32,0
2,0.5535,-1.0,1,5,32,1
3,0.5535,1.0,1,5,32,0
2,0.5535,-1.0,1,7,32,1
2,0.4211,-1.0,1,7,32,1
2,0.5794,1.0,1,7,32,1
2,0.5337,1.0,1,7,32,0
3,0.5056,-1.0,1,7,32,0
3,0.5535,1.0,1,7,32,0
3,0.4721,-1.0,1,5,32,0
3,0.5056,-1.0,1,5,32,0
2,0.5535,-1.0,1,5,32,0
3,0.5056,-1.0,1,3,32,0
1,0.5535,-1.0,1,4,32,1
1,0.5535,1.0,1,5,32,1
1,0.5337,-1.0,1,3,32,1
1,0.5337,1.0,1,3,32,0
3,0.5056,0.0,1,-2,33,0
3,0.5337,0.0,1,-2,33,0
3,0.4721,0.0,1,-2,33,0
2,0.4721,-1.0,1,-2,33,0
1,0.5794,0.0,1,-1,33,1
1,0.5794,1.0,1,0,33,1
2,0.5337,-1.0,1,0,33,1
2,0.4721,-1.0,1,-1,33,1
3,0.4721,1.0,1,-3,33,0
3,0.5337,1.0,1,-3,33,0
2,0.5794,1.0,1,-3,33,0
2,0.5337,-1.0,1,-3,33,0
2,0.5056,-1.0,1,-3,33,0
3,0.4928,0.0,1,-3,33,0
2,0.4721,-1.0,1,-3,33,0
3,0.5056,-1.0,1,0,33,1
2,0.5056,1.0,1,-2,33,0
3,0.5337,-1.0,1,-4,33,0
2,0.4721,-1.0,1,-4,33,0
3,0.3043,0.0,1,-4,33,0
1,0.4721,-1.0,1,-3,33,1
1,0.4721,1.0,1,-3,33,0
3,0.5056,-1.0,1,-5,33,0
3,0.3043,-1.0,1,-7,33,0
3,0.5056,-1.0,1,-6,33,1
3,0.5056,1.0,1,-3,33,1
3,0.4721,-1.0,1,-8,33,0
3,0.5535,0.0,1,-12,33,0
3,0.5337,-1.0,1,-9,33,1
3,0.4721,-1.0,1,-6,33,1
2,0.5794,-1.0,1,-6,33,0
2,0.5337,1.0,1,-6,33,0
3,0.5877,0.0,1,-6,33,0
3,0.4721,1.0,1,-6,33,0
1,0.5337,-1.0,1,-8,33,0
1,0.5337,-1.0,1,-7,33,1
3,0.4721,-1.0,1,-11,33,0
2,0.5535,-1.0,1,-11,33,0
3,0.5056,1.0,1,-11,33,0
1,0.4721,-1.0,1,-13,33,1
1,0.4721,1.0,1,-12,33,1
2,0.5056,-1.0,1,-14,33,0
3,0.4721,1.0,1,-14,33,0
2,0.4721,-1.0,1,-14,33,1
3,0.4721,1.0,1,-14,33,1
3,0.4721,1.0,1,-14,33,0
2,0.5056,-1.0,1,-12,33,1
3,0.5337,1.0,1,-9,33,1
2,0.4721,-1.0,1,-7,33,1
3,0.5056,1.0,1,-6,33,1
2,0.5337,1.0,1,-4,33,1
2,0.5877,-1.0,1,-2,33,1
1,0.5877,1.0,1,-1,33,1
2,0.5056,1.0,1,-3,33,0
2,0.5794,-1.0,1,-1,33,1
3,0.5056,-1.0,1,-3,33,0
2,0.5337,1.0,1,-1,33,1
1,0.5056,-1.0,1,0,33,1
1,0.5056,1.0,1,1,33,1
3,0.5056,1.0,1,1,33,1
1,0.5535,-1.0,1,2,33,1
1,0.5535,1.0,1,3,33,1
2,0.5877,1.0,1,1,33,0
2,0.5535,1.0,1,3,33,1
1,0.5535,1.0,1,4,33,1
1,0.5877,-1.0,1,2,33,1
1,0.5877,1.0,1,3,33,1
2,0.5535,1.0,1,3,33,1
1,0.5337,1.0,1,2,33,1
1,0.5337,1.0,1,2,33,0
2,0.4721,1.0,1,-1,33,0
3,0.5337,-1.0,1,-1,33,0
2,0.5535,1.0,1,-1,33,0
2,0.5535,-1.0,1,-1,33,0
1,0.5877,1.0,1,0,33,1
1,0.5877,1.0,1,1,33,1
3,0.5337,0.0,1,0,34,0
2,0.5794,0.0,1,0,34,1
2,0.4721,0.0,1,2,34,1
2,0.5535,0.0,1,0,34,0
2,0.5535,-1.0,1,0,34,0
3,0.5337,-1.0,1,-2,34,0
2,0.4721,1.0,1,-2,34,0
3,0.4721,-1.0,1,-2,34,0
2,0.5535,-1.0,1,-3,34,1
2,0.5535,1.0,1,-3,34,1
2,0.5337,-1.0,1,-5,34,0
2,0.5056,0.0,1,-5,34,0
2,0.4928,0.0,1,-5,34,0
2,0.4721,-1.0,1,-7,34,0
2,0.5877,0.0,1,-5,34,1
1,0.5877,1.0,1,-4,34,1
3,0.5056,-1.0,1,-6,34,0
3,0.5794,1.0,1,-6,34,0
3,0.5337,-1.0,1,-3,34,1
2,0.5794,-1.0,1,-3,34,1
1,0.5794,1.0,1,-2,34,1
3,0.5056,-1.0,1,1,34,1
2,0.4721,-1.0,1,-1,34,0
2,0.3043,0.0,1,-1,34,0
2,0.5535,1.0,1,-1,34,1
3,0.5337,1.0,1,2,34,1
2,0.5794,1.0,1,4,34,1
3,0.5535,1.0,1,5,34,1
3,0.5056,1.0,1,8,34,1
2,0.4721,-1.0,1,10,34,1
3,0.4721,1.0,1,13,34,1
3,0.5337,1.0,1,13,34,0
3,0.4721,1.0,1,13,34,0
2,0.5337,-1.0,1,15,34,1
3,0.5794,1.0,1,18,34,1
2,0.4721,-1.0,1,18,34,1
1,0.4721,1.0,1,19,34,1
2,0.5056,1.0,1,18,34,1
3,0.4721,1.0,1,18,34,1
3,0.4721,1.0,1,19,34,1
3,0.5337,1.0,1,20,34,1
3,0.5337,1.0,1,20,34,0
2,0.5535,1.0,1,20,34,0
3,0.3043,-1.0,1,20,34,0
2,0.4721,1.0,1,20,34,1
1,0.4721,1.0,1,21,34,1
3,0.5535,-1.0,1,20,34,0
2,0.4721,1.0,1,20,34,0
3,0.5535,-1.0,1,23,34,1
3,0.5337,-1.0,1,22,34,1
2,0.5056,1.0,1,18,34,0
2,0.5794,1.0,1,20,34,1
3,0.5056,-1.0,1,18,34,0
3,0.5056,-1.0,1,19,34,1
3,0.5337,1.0,1,16,34,0
1,0.5535,1.0,1,16,34,0
1,0.5535,-1.0,1,17,34,1
1,0.5535,1.0,1,18,34,1
1,0.5535,1.0,1,19,34,1
2,0.3043,-1.0,1,21,34,1
3,0.3043,1.0,1,19,34,0
1,0.4721,-1.0,1,20,34,1
1,0.4721,1.0,1,21,34,1
3,0.4928,-1.0,1,21,34,0
1,0.5056,1.0,1,20,34,1
1,0.5056,1.0,1,21,34,1
3,0.3043,-1.0,1,21,34,0
3,0.5535,0.0,1,3,35,1
3,0.5535,1.0,1,3,35,0
2,0.5877,0.0,1,3,35,0
2,0.5794,0.0,1,2,35,1
3,0.4721,0.0,1,2,35,0
2,0.4721,-1.0,1,4,35,1
1,0.5337,0.0,1,4,35,1
1,0.5337,1.0,1,5,35,1
3,0.5337,1.0,1,5,35,1
3,0.5337,1.0,1,5,35,0
2,0.5337,-1.0,1,7,35,1
3,0.5337,1.0,1,10,35,1
2,0.5056,0.0,1,10,35,1
2,0.5056,1.0,1,10,35,1
3,0.5337,1.0,1,8,35,0
3,0.5337,-1.0,1,6,35,0
2,0.5794,1.0,1,8,35,1
2,0.5056,1.0,1,8,35,0
2,0.5535,-1.0,1,8,35,1
1,0.5535,1.0,1,8,35,0
1,0.4928,0.0,1,7,35,1
1,0.4928,1.0,1,8,35,1
3,0.5056,-1.0,1,8,35,1
3,0.5056,1.0,1,8,35,0
2,0.5794,1.0,1,8,35,0
1,0.5794,-1.0,1,8,35,0
1,0.5794,-1.0,1,9,35,1
2,0.5535,-1.0,1,11,35,1
2,0.5535,1.0,1,11,35,0
2,0.5794,1.0,1,11,35,0
2,0.5535,-1.0,1,10,35,1
1,0.5337,-1.0,1,11,35,1
1,0.5337,1.0,1,12,35,1
2,0.5794,-1.0,1,9,35,0
1,0.5056,-1.0,1,10,35,1
1,0.5056,1.0,1,11,35,1
2,0.5794,-1.0,1,13,35,1
3,0.4721,1.0,1,12,35,0
2,0.5056,1.0,1,12,35,0
3,0.5794,1.0,1,15,35,1
2,0.5535,1.0,1,15,35,1
1,0.5056,-1.0,1,14,35,1
1,0.5056,1.0,1,15,35,1
2,0.5056,1.0,1,13,35,0
2,0.4721,-1.0,1,11,35,0
1,0.5337,1.0,1,10,35,1
1,0.5337,1.0,1,11,35,1
2,0.5337,1.0,1,11,35,1
3,0.4721,-1.0,1,12,35,1
3,0.5337,1.0,1,12,35,0
2,0.5794,1.0,1,10,35,0
2,0.5877,-1.0,1,9,35,0
2,0.5337,-1.0,1,6,35,0
2,0.5535,1.0,1,8,35,1
3,0.5337,-1.0,1,6,35,0
3,0.4721,1.0,1,7,35,1
3,0.4721,1.0,1,7,35,0
3,0.5056,-1.0,1,7,35,0
2,0.4721,-1.0,1,5,35,0
2,0.5337,-1.0,1,2,35,0
3,0.5337,-1.0,1,2,35,0
2,0.5535,1.0,1,4,35,1
2,0.5337,-1.0,1,5,35,1
3,0.4721,-1.0,1,5,35,0
3,0.5056,-1.0,1,5,35,0
3,0.5337,1.0,1,5,35,0
3,0.5794,-1.0,1,8,35,1
1,0.5535,1.0,1,7,35,1
1,0.5535,1.0,1,8,35,1
1,0.5056,-1.0,1,8,35,0
1,0.5337,-1.0,1,9,35,1
1,0.5337,1.0,1,10,35,1
2,0.5337,0.0,1,0,36,0
1,0.5794,0.0,1,-2,36,0
1,0.5794,-1.0,1,-1,36,1
3,0.5877,0.0,1,-4,36,0
3,0.4721,0.0,1,-1,36,1
2,0.5535,0.0,1,-1,36,1
2,0.5535,1.0,1,1,36,1
2,0.5535,1.0,1,1,36,1
2,0.4721,1.0,1,1,36,0
2,0.5794,1.0,1,1,36,0
2,0.4721,-1.0,1,3,36,1
2,0.5794,-1.0,1,3,36,0
3,0.5337,-1.0,1,3,36,0
3,0.5337,-1.0,1,4,36,1
3,0.4721,1.0,1,7,36,1
1,0.4721,1.0,1,4,36,1
1,0.4721,1.0,1,5,36,1
2,0.5535,1.0,1,5,36,0
3,0.5056,0.0,1,5,36,0
3,0.4721,1.0,1,5,36,0
2,0.5535,-1.0,1,5,36,0
2,0.5877,-1.0,1,5,36,0
3,0.4721,-1.0,1,3,36,0
3,0.5337,1.0,1,1,36,0
2,0.5535,-1.0,1,0,36,1
1,0.5535,1.0,1,1,36,1
3,0.5337,-1.0,1,4,36,1
3,0.5337,1.0,1,3,36,0
2,0.5535,1.0,1,5,36,1
3,0.5056,-1.0,1,2,36,0
3,0.5337,-1.0,1,5,36,1
3,0.5337,1.0,1,5,36,0
3,0.4721,-1.0,1,3,36,0
3,0.4721,-1.0,1,3,36,0
3,0.5056,-1.0,1,3,36,0
3,0.5877,-1.0,1,3,36,0
3,0.5535,1.0,1,6,36,1
2,0.5535,1.0,1,6,36,0
2,0.5337,-1.0,1,4,36,0
2,0.5056,-1.0,1,4,36,0
3,0.5056,-1.0,1,3,36,0
2,0.4721,-1.0,1,3,36,0
3,0.5337,-1.0,1,3,36,0
1,0.5056,-1.0,1,3,36,0
1,0.5056,-1.0,1,4,36,1
2,0.5056,1.0,1,6,36,1
3,0.5794,-1.0,1,9,36,1
3,0.5794,1.0,1,9,36,0
2,0.5337,-1.0,1,9,36,0
3,0.4721,-1.0,1,9,36,0
3,0.5535,-1.0,1,6,36,0
3,0.4721,-1.0,1,9,36,1
2,0.5337,-1.0,1,6,36,0
2,0.5535,-1.0,1,8,36,1
3,0.5056,1.0,1,8,36,0
2,0.5056,-1.0,1,8,36,1
3,0.5337,-1.0,1,6,36,0
2,0.5056,1.0,1,8,36,1
1,0.5056,1.0,1,9,36,1
2,0.5056,1.0,1,7,36,0
2,0.4721,1.0,1,9,36,1
2,0.5794,-1.0,1,9,36,1
2,0.4721,1.0,1,9,36,0
3,0.5535,1.0,1,4,36,0
2,0.5535,-1.0,1,6,36,1
3,0.5337,-1.0,1,9,36,1
2,0.5877,-1.0,1,9,36,0
1,0.5535,1.0,1,7,36,1
1,0.5535,1.0,1,8,36,1
1,0.5535,1.0,1,7,36,1
1,0.5535,1.0,1,8,36,1
3,0.5535,0.0,1,3,37,1
2,0.5794,0.0,1,5,37,1
3,0.4721,0.0,1,5,37,0
3,0.5535,1.0,1,5,37,0
3,0.5877,0.0,1,5,37,0
3,0.4721,-1.0,1,3,37,0
2,0.5794,1.0,1,3,37,0
1,0.5877,-1.0,1,4,37,1
1,0.5877,1.0,1,5,37,1
2,0.5535,-1.0,1,7,37,1
3,0.5877,1.0,1,7,37,0
3,0.5056,0.0,1,7,37,0
2,0.5056,-1.0,1,7,37,0
3,0.5056,-1.0,1,8,37,1
2,0.5056,1.0,1,8,37,1
1,0.5056,1.0,1,7,37,1
1,0.5056,1.0,1,8,37,1
2,0.5535,1.0,1,6,37,0
1,0.5535,-1.0,1,7,37,1
1,0.5535,1.0,1,8,37,1
3,0.5337,0.0,1,8,37,0
2,0.5056,1.0,1,8,37,0
3,0.5877,-1.0,1,8,37,0
3,0.4721,-1.0,1,11,37,1
2,0.4721,1.0,1,11,37,0
3,0.5056,-1.0,1,11,37,0
1,0.5794,-1.0,1,8,37,1
1,0.5794,1.0,1,9,37,1
2,0.5056,-1.0,1,9,37,0
2,0.5794,1.0,1,9,37,0
2,0.5056,-1.0,1,7,37,0
1,0.5337,-1.0,1,6,37,1
1,0.5337,1.0,1,7,37,1
2,0.5794,-1.0,1,9,37,1
2,0.5535,1.0,1,8,37,0
2,0.4721,-1.0,1,7,37,0
3,0.5056,-1.0,1,10,37,1
2,0.5535,-1.0,1,10,37,1
3,0.5337,1.0,1,10,37,0
2,0.5056,1.0,1,10,37,0
2,0.4721,-1.0,1,5,37,0
2,0.5535,1.0,1,7,37,1
1,0.5535,1.0,1,8,37,1
3,0.5056,-1.0,1,8,37,0
3,0.5337,-1.0,1,8,37,0
2,0.5056,-1.0,1,8,37,0
2,0.5794,1.0,1,8,37,0
3,0.5337,-1.0,1,8,37,0
3,0.4721,-1.0,1,9,37,1
2,0.5535,1.0,1,11,37,1
3,0.5056,-1.0,1,11,37,0
3,0.5877,-1.0,1,9,37,0
2,0.4721,1.0,1,8,37,0
2,0.4721,-1.0,1,6,37,0
2,0.5056,-1.0,1,8,37,1
2,0.5794,-1.0,1,4,37,0
2,0.5337,-1.0,1,4,37,0
3,0.5056,1.0,1,4,37,0
2,0.5337,-1.0,1,4,37,1
2,0.5056,-1.0,1,4,37,0
1,0.4721,-1.0,1,5,37,1
1,0.4721,1.0,1,6,37,1
2,0.5535,1.0,1,6,37,0
2,0.4721,1.0,1,6,37,0
2,0.5535,-1.0,1,6,37,1
1,0.5337,1.0,1,5,37,1
1,0.5337,1.0,1,6,37,1
3,0.5337,0.0,0,3,38,0
3,0.5794,0.0,0,10,38,0
2,0.5877,0.0,0,8,38,1
2,0.5056,0.0,0,8,38,0
2,0.5056,-1.0,0,9,38,0
2,0.5535,0.0,0,9,38,0
3,0.5337,-1.0,0,6,38,1
2,0.5877,1.0,0,8,38,0
3,0.5337,1.0,0,11,38,0
3,0.5056,-1.0,0,8,38,1
3,0.5535,-1.0,0,8,38,1
3,0.5535,1.0,0,11,38,0
2,0.5056,1.0,0,13,38,1
3,0.5794,-1.0,0,15,38,0
2,0.5056,1.0,0,13,38,1
1,0.5056,1.0,0,12,38,1
2,0.5535,-1.0,0,14,38,0
3,0.3043,0.0,0,17,38,0
2,0.5794,-1.0,0,15,38,1
1,0.5794,1.0,0,17,38,1
1,0.5794,1.0,0,17,38,0
2,0.5794,-1.0,0,17,38,0
2,0.5794,-1.0,0,17,38,0
3,0.3043,-1.0,0,19,38,0
3,0.5877,-1.0,0,19,38,0
3,0.5337,-1.0,0,16,38,1
1,0.5877,-1.0,0,15,38,1
1,0.5877,1.0,0,14,38,1
3,0.3043,-1.0,0,14,38,0
2,0.5337,1.0,0,12,38,1
3,0.5056,1.0,0,12,38,0
2,0.5877,1.0,0,12,38,0
2,0.5877,-1.0,0,12,38,0
3,0.5337,1.0,0,9,38,1
2,0.5056,-1.0,0,11,38,0
2,0.5877,-1.0,0,11,38,0
3,0.5337,1.0,0,10,38,1
2,0.5535,-1.0,0,13,38,0
2,0.5794,-1.0,0,13,38,1
2,0.5056,-1.0,0,14,38,1
3,0.5877,-1.0,0,11,38,1
3,0.5877,1.0,0,11,38,0
3,0.5056,1.0,0,8,38,1
2,0.5877,-1.0,0,8,38,0
3,0.5877,-1.0,0,7,38,1
2,0.5535,-1.0,0,8,38,1
3,0.5337,1.0,0,8,38,1
2,0.5337,1.0,0,10,38,0
3,0.5056,1.0,0,12,38,0
3,0.5877,1.0,0,9,38,1
2,0.5794,1.0,0,9,38,0
1,0.5794,-1.0,0,8,38,1
1,0.5794,1.0,0,7,38,1
3,0.5056,-1.0,0,7,38,0
3,0.5337,-1.0,0,9,38,0
2,0.5337,-1.0,0,9,38,0
2,0.5535,1.0,0,7,38,1
1,0.5535,1.0,0,6,38,1
3,0.5056,-1.0,0,8,38,0
1,0.5535,1.0,0,9,38,1
1,0.5535,1.0,0,9,38,0
3,0.5535,-1.0,0,12,38,0
2,0.5056,-1.0,0,13,38,0
3,0.5877,1.0,0,13,38,1
3,0.3043,-1.0,0,12,38,1
3,0.5877,1.0,0,14,38,0
3,0.5056,-1.0,0,14,38,0
