shot_value,field_goal_percentage,lag1,home_crowd,score_diff,game_num
3,0.4721,0.0,0,0,1
2,0.5794,0.0,0,0,1
3,0.5337,0.0,0,-3,1
2,0.5794,-1.0,0,-5,1
2,0.5535,0.0,0,-7,1
1,0.5535,1.0,0,-7,1
2,0.5535,-1.0,0,-7,1
2,0.5337,1.0,0,-7,1
2,0.5337,-1.0,0,-9,1
3,0.5877,0.0,0,-9,1
2,0.5877,-1.0,0,-9,1
3,0.5056,0.0,0,-9,1
2,0.4721,-1.0,0,-9,1
3,0.4721,-1.0,0,-9,1
2,0.5,0.0,0,-11,1
3,0.4721,-1.0,0,-9,1
2,0.5056,-1.0,0,-9,1
2,0.5794,1.0,0,-11,1
1,0.5337,1.0,0,-10,1
1,0.5337,1.0,0,-11,1
2,0.5535,-1.0,0,-11,1
3,0.5535,-1.0,0,-11,1
3,0.5794,1.0,0,-14,1
3,0.5337,1.0,0,-14,1
3,0.5056,-1.0,0,-17,1
3,0.4928,0.0,0,-20,1
3,0.5056,1.0,0,-23,1
3,0.5337,-1.0,0,-23,1
1,0.5535,-1.0,0,-24,1
1,0.5535,1.0,0,-25,1
3,0.5056,1.0,0,-28,1
2,0.5877,1.0,0,-30,1
3,0.5877,1.0,0,-24,1
1,0.5877,-1.0,0,-25,1
1,0.5877,1.0,0,-25,1
3,0.4928,1.0,0,-25,1
2,0.5877,-1.0,0,-27,1
2,0.3333,0.0,0,-27,1
3,0.5056,1.0,0,-27,1
3,0.5337,-1.0,0,-25,1
2,0.5794,1.0,0,-27,1
2,0.5535,1.0,0,-25,1
3,0.5877,1.0,0,-25,1
2,0.5877,-1.0,0,-27,1
2,0.5535,-1.0,0,-29,1
1,0.5535,1.0,0,-30,1
3,0.5337,-1.0,0,-31,1
2,0.4721,1.0,0,-29,1
3,0.4928,-1.0,0,-32,1
3,0.5877,1.0,0,-29,1
2,0.4721,-1.0,0,-28,1
1,0.4721,1.0,0,-27,1
1,0.4721,1.0,0,-28,1
3,0.5337,1.0,0,-25,1
3,0.5877,-1.0,0,-25,1
2,0.5056,-1.0,0,-25,1
3,0.4928,1.0,0,-25,1
2,0.5794,1.0,0,-25,1
2,0.5794,-1.0,0,-27,1
2,0.4721,1.0,0,-27,1
3,0.5056,-1.0,0,-25,1
3,0.5337,-1.0,0,-28,1
3,0.5877,-1.0,0,-26,1
3,0.5337,1.0,0,-24,1
2,0.5877,-1.0,0,-24,1
1,0.5535,1.0,0,-25,1
1,0.5535,1.0,0,-25,1
1,0.3333,-1.0,0,-25,1
2,0.4928,-1.0,0,-25,1
3,0.5877,-1.0,0,-28,1
3,0.5056,-1.0,0,-28,1
1,0.5056,-1.0,0,-25,1
1,0.5056,1.0,0,-26,1
3,0.5337,0.0,0,0,2
2,0.4721,0.0,0,-2,2
2,0.5337,-1.0,0,-2,2
2,0.4721,1.0,0,-2,2
2,0.5337,-1.0,0,-4,2
2,0.5877,0.0,0,-6,2
3,0.5877,1.0,0,-9,2
2,0.4721,-1.0,0,-9,2
3,0.5337,1.0,0,-9,2
3,0.5535,0.0,0,-9,2
2,0.4721,-1.0,0,-9,2
3,0.4721,-1.0,0,-9,2
2,0.4928,0.0,0,-7,2
3,0.5337,-1.0,0,-10,2
1,0.5337,1.0,0,-10,2
1,0.5337,-1.0,0,-10,2
3,0.5535,1.0,0,-10,2
2,0.5794,0.0,0,-12,2
2,0.5794,1.0,0,-12,2
2,0.4721,-1.0,0,-10,2
1,0.5337,-1.0,0,-9,2
1,0.5337,1.0,0,-10,2
3,0.5337,1.0,0,-11,2
2,0.4721,-1.0,0,-13,2
3,0.5337,1.0,0,-13,2
2,0.5794,-1.0,0,-13,2
1,0.5877,1.0,0,-14,2
1,0.5877,1.0,0,-14,2
2,0.5535,-1.0,0,-16,2
2,0.5877,-1.0,0,-16,2
2,0.5535,1.0,0,-18,2
3,0.5877,-1.0,0,-18,2
1,0.5877,-1.0,0,-19,2
1,0.5877,1.0,0,-20,2
2,0.5535,1.0,0,-22,2
2,0.5794,-1.0,0,-22,2
3,0.4721,1.0,0,-20,2
2,0.5535,1.0,0,-20,2
3,0.5337,-1.0,0,-18,2
3,0.5535,-1.0,0,-18,2
2,0.4721,-1.0,0,-20,2
2,0.5337,-1.0,0,-20,2
2,0.5794,-1.0,0,-20,2
3,0.5877,1.0,0,-17,2
2,0.5794,1.0,0,-17,2
3,0.4721,1.0,0,-17,2
2,0.5794,1.0,0,-17,2
3,0.5056,0.0,0,-17,2
2,0.4721,-1.0,0,-17,2
3,0.5337,-1.0,0,-17,2
2,0.5056,-1.0,0,-17,2
3,0.4928,-1.0,0,-15,2
3,0.4721,-1.0,0,-15,2
2,0.5535,-1.0,0,-15,2
3,0.4928,-1.0,0,-18,2
2,0.5794,-1.0,0,-18,2
3,0.5056,-1.0,0,-19,2
3,0.4721,-1.0,0,-22,2
2,0.5794,-1.0,0,-22,2
3,0.5535,-1.0,0,-22,2
2,0.5535,1.0,0,-19,2
1,0.5337,-1.0,0,-20,2
1,0.5337,1.0,0,-21,2
2,0.4721,1.0,0,-19,2
2,0.5056,1.0,0,-21,2
2,0.4721,-1.0,0,-23,2
1,0.5337,1.0,0,-24,2
1,0.5337,1.0,0,-25,2
3,0.4211,0.0,0,-23,2
2,0.4721,1.0,0,-22,2
1,0.4721,-1.0,0,-23,2
1,0.4721,1.0,0,-24,2
2,0.5877,-1.0,0,-23,2
2,0.4721,1.0,0,-23,2
2,0.5877,1.0,0,-23,2
2,0.4721,-1.0,0,-23,2
2,0.5877,1.0,0,-25,2
1,0.5056,1.0,0,-24,2
1,0.5056,1.0,0,-25,2
2,0.5056,1.0,0,-25,2
2,0.3333,0.0,0,-21,2
2,0.5056,-1.0,0,-21,2
2,0.5,0.0,0,-21,2
3,0.5535,0.0,0,0,3
3,0.4721,0.0,0,0,3
3,0.5535,-1.0,0,-3,3
2,0.4721,1.0,0,-2,3
3,0.5337,0.0,0,-2,3
2,0.5877,0.0,0,-1,3
3,0.5877,1.0,0,1,3
3,0.5337,1.0,0,3,3
3,0.4721,-1.0,0,0,3
3,0.4721,1.0,0,0,3
3,0.4721,-1.0,0,0,3
3,0.5877,-1.0,0,0,3
2,0.5337,-1.0,0,-2,3
3,0.5877,-1.0,0,0,3
3,0.4721,-1.0,0,0,3
3,0.5056,0.0,0,2,3
3,0.5535,1.0,0,4,3
3,0.5535,-1.0,0,4,3
3,0.5337,1.0,0,4,3
3,0.5535,-1.0,0,4,3
2,0.5,0.0,0,4,3
1,0.5,-1.0,0,4,3
1,0.5,-1.0,0,3,3
3,0.5337,-1.0,0,5,3
3,0.5535,-1.0,0,5,3
3,0.5877,-1.0,0,5,3
2,0.5337,-1.0,0,5,3
3,0.4721,-1.0,0,2,3
3,0.5535,-1.0,0,4,3
3,0.4928,0.0,0,4,3
3,0.4721,1.0,0,4,3
3,0.5337,-1.0,0,4,3
2,0.5877,-1.0,0,2,3
2,0.5337,-1.0,0,2,3
3,0.5535,-1.0,0,2,3
2,0.5877,1.0,0,2,3
1,0.5,1.0,0,1,3
1,0.5,1.0,0,0,3
3,0.4721,-1.0,0,0,3
2,0.5535,-1.0,0,3,3
3,0.5056,-1.0,0,3,3
2,0.5056,-1.0,0,1,3
3,0.5337,-1.0,0,0,3
2,0.5535,-1.0,0,0,3
3,0.5877,-1.0,0,0,3
2,0.4721,-1.0,0,-2,3
3,0.5794,0.0,0,-2,3
2,0.4721,1.0,0,-4,3
3,0.5535,1.0,0,-4,3
2,0.5794,-1.0,0,-3,3
3,0.5877,-1.0,0,-1,3
3,0.5056,1.0,0,-1,3
3,0.5056,1.0,0,-2,3
3,0.5056,1.0,0,0,3
2,0.5794,1.0,0,2,3
3,0.4721,1.0,0,2,3
3,0.5337,1.0,0,-1,3
3,0.5337,1.0,0,-1,3
2,0.5794,-1.0,0,-1,3
2,0.5877,-1.0,0,-1,3
3,0.4721,-1.0,0,-4,3
3,0.5337,-1.0,0,-7,3
3,0.5337,1.0,0,-5,3
3,0.5535,-1.0,0,-8,3
3,0.5877,-1.0,0,-6,3
3,0.5877,-1.0,0,-6,3
2,0.5877,-1.0,0,-4,3
2,0.5535,1.0,0,-6,3
3,0.4721,1.0,0,-6,3
2,0.5535,1.0,0,-6,3
2,0.5535,-1.0,0,-6,3
2,0.5794,-1.0,0,-8,3
2,0.5535,-1.0,0,-10,3
3,0.4721,-1.0,0,-10,3
2,0.5877,-1.0,0,-10,3
3,0.5337,-1.0,0,-10,3
3,0.5877,-1.0,0,-9,3
2,0.5056,-1.0,0,-9,3
1,0.5535,1.0,0,-9,3
1,0.5535,-1.0,0,-10,3
2,0.4721,-1.0,0,-10,3
2,0.4721,-1.0,0,-12,3
3,0.5056,-1.0,0,-14,3
2,0.5535,1.0,0,-14,3
2,0.4721,0.0,0,-2,4
2,0.5877,0.0,0,-4,4
1,0.5337,0.0,0,-5,4
1,0.5337,1.0,0,-6,4
3,0.5056,0.0,0,-5,4
3,0.4721,1.0,0,-8,4
3,0.4721,1.0,0,-6,4
2,0.4721,-1.0,0,-6,4
2,0.5056,-1.0,0,-3,4
3,0.4928,0.0,0,-3,4
2,0.5,0.0,0,-3,4
2,0.5056,-1.0,0,-2,4
2,0.5794,0.0,0,-4,4
2,0.5794,1.0,0,-4,4
3,0.5056,1.0,0,-4,4
3,0.5337,1.0,0,-7,4
3,0.5337,1.0,0,-7,4
2,0.5535,0.0,0,-9,4
2,0.5337,-1.0,0,-11,4
2,0.5877,1.0,0,-13,4
2,0.5337,1.0,0,-13,4
3,0.4721,-1.0,0,-13,4
2,0.5794,-1.0,0,-13,4
3,0.5337,-1.0,0,-13,4
3,0.5337,1.0,0,-16,4
3,0.4721,-1.0,0,-16,4
2,0.4721,-1.0,0,-16,4
3,0.4721,-1.0,0,-13,4
2,0.5337,1.0,0,-10,4
3,0.5337,-1.0,0,-10,4
3,0.5056,-1.0,0,-10,4
3,0.5877,1.0,0,-13,4
2,0.5877,1.0,0,-15,4
3,0.5337,-1.0,0,-12,4
3,0.5535,1.0,0,-12,4
2,0.5337,-1.0,0,-11,4
2,0.5877,1.0,0,-13,4
2,0.5337,1.0,0,-15,4
2,0.5794,-1.0,0,-15,4
2,0.5056,-1.0,0,-13,4
1,0.5794,-1.0,0,-13,4
1,0.5794,-1.0,0,-14,4
3,0.4721,-1.0,0,-14,4
2,0.5056,-1.0,0,-15,4
1,0.5056,1.0,0,-16,4
2,0.5535,-1.0,0,-9,4
2,0.4721,-1.0,0,-11,4
2,0.4721,1.0,0,-11,4
3,0.5337,1.0,0,-14,4
1,0.5535,-1.0,0,-15,4
1,0.5535,1.0,0,-15,4
3,0.5337,1.0,0,-12,4
3,0.5877,1.0,0,-15,4
2,0.5535,-1.0,0,-11,4
2,0.5535,-1.0,0,-11,4
3,0.5056,1.0,0,-14,4
2,0.4721,-1.0,0,-11,4
1,0.4721,-1.0,0,-11,4
1,0.4721,-1.0,0,-12,4
2,0.5337,-1.0,0,-11,4
2,0.5337,1.0,0,-13,4
1,0.5337,1.0,0,-14,4
1,0.5337,1.0,0,-15,4
3,0.4721,1.0,0,-15,4
3,0.5877,1.0,0,-15,4
3,0.5535,1.0,0,-15,4
1,0.5056,1.0,0,-13,4
1,0.5056,1.0,0,-14,4
1,0.5877,-1.0,0,-12,4
1,0.5877,-1.0,0,-12,4
2,0.5877,-1.0,0,-12,4
1,0.4721,-1.0,0,-13,4
1,0.4721,1.0,0,-13,4
2,0.5056,1.0,0,-15,4
2,0.5794,0.0,1,0,5
1,0.5337,0.0,1,-1,5
1,0.5337,1.0,1,0,5
2,0.5877,0.0,1,2,5
2,0.5535,0.0,1,4,5
2,0.5535,1.0,1,6,5
1,0.5337,1.0,1,4,5
1,0.5337,1.0,1,5,5
2,0.5794,1.0,1,5,5
2,0.5794,-1.0,1,5,5
2,0.5337,1.0,1,5,5
2,0.4721,0.0,1,5,5
2,0.5535,1.0,1,7,5
3,0.4721,-1.0,1,7,5
3,0.4928,0.0,1,10,5
2,0.5877,1.0,1,10,5
2,0.5337,1.0,1,10,5
3,0.5337,-1.0,1,13,5
1,0.5535,1.0,1,14,5
1,0.5535,1.0,1,15,5
3,0.5535,1.0,1,13,5
3,0.5877,-1.0,1,13,5
2,0.4721,-1.0,1,10,5
2,0.5794,1.0,1,10,5
2,0.5337,1.0,1,8,5
3,0.5794,1.0,1,6,5
3,0.5337,-1.0,1,6,5
3,0.4721,-1.0,1,6,5
3,0.5337,-1.0,1,9,5
3,0.5337,1.0,1,12,5
2,0.5337,1.0,1,12,5
3,0.4721,-1.0,1,15,5
3,0.5877,-1.0,1,15,5
2,0.5877,-1.0,1,15,5
3,0.4721,1.0,1,18,5
3,0.5337,-1.0,1,18,5
3,0.4721,1.0,1,18,5
1,0.4721,-1.0,1,18,5
1,0.4721,-1.0,1,19,5
3,0.4211,0.0,1,16,5
3,0.4928,1.0,1,19,5
2,0.4721,1.0,1,21,5
2,0.5794,-1.0,1,21,5
2,0.5794,-1.0,1,21,5
2,0.5337,-1.0,1,21,5
2,0.5535,-1.0,1,21,5
2,0.4721,1.0,1,21,5
3,0.5337,1.0,1,22,5
2,0.4721,-1.0,1,24,5
2,0.5877,-1.0,1,26,5
3,0.4721,1.0,1,24,5
2,0.4721,-1.0,1,26,5
1,0.4721,1.0,1,27,5
3,0.5794,-1.0,1,28,5
3,0.5337,1.0,1,28,5
3,0.5794,1.0,1,31,5
2,0.4721,1.0,1,33,5
1,0.5535,-1.0,1,34,5
1,0.5535,1.0,1,35,5
2,0.5794,1.0,1,32,5
3,0.5877,1.0,1,33,5
3,0.5877,1.0,1,33,5
3,0.5877,1.0,1,33,5
1,0.4928,1.0,1,29,5
1,0.4928,1.0,1,30,5
2,0.4211,-1.0,1,29,5
2,0.5337,0.0,1,0,6
2,0.5535,0.0,1,2,6
3,0.4721,0.0,1,5,6
2,0.5337,-1.0,1,7,6
3,0.5535,1.0,1,7,6
3,0.4721,1.0,1,10,6
3,0.5337,1.0,1,8,6
3,0.5877,0.0,1,8,6
3,0.5877,-1.0,1,8,6
3,0.4721,1.0,1,8,6
3,0.5337,-1.0,1,11,6
2,0.4721,-1.0,1,9,6
2,0.4721,-1.0,1,11,6
3,0.5056,0.0,1,11,6
2,0.5535,-1.0,1,13,6
3,0.5337,1.0,1,13,6
3,0.5877,-1.0,1,13,6
2,0.4721,1.0,1,15,6
1,0.4721,1.0,1,10,6
1,0.4721,1.0,1,10,6
2,0.5535,1.0,1,12,6
3,0.4211,0.0,1,12,6
2,0.5794,0.0,1,14,6
3,0.5877,1.0,1,17,6
3,0.4721,-1.0,1,20,6
2,0.5535,1.0,1,20,6
2,0.5337,-1.0,1,18,6
3,0.5535,1.0,1,19,6
3,0.4721,1.0,1,22,6
3,0.4721,1.0,1,22,6
2,0.5337,-1.0,1,22,6
1,0.5535,1.0,1,23,6
1,0.5535,1.0,1,24,6
3,0.5337,1.0,1,24,6
2,0.4721,-1.0,1,22,6
2,0.4721,-1.0,1,20,6
1,0.5877,1.0,1,19,6
1,0.5877,1.0,1,20,6
1,0.5794,1.0,1,21,6
1,0.5794,1.0,1,22,6
2,0.5056,-1.0,1,24,6
3,0.5337,-1.0,1,25,6
2,0.4928,0.0,1,25,6
1,0.5056,1.0,1,26,6
1,0.5056,1.0,1,27,6
3,0.5337,1.0,1,27,6
2,0.3333,0.0,1,25,6
3,0.5794,1.0,1,26,6
3,0.4721,-1.0,1,27,6
2,0.5794,1.0,1,24,6
2,0.5535,1.0,1,24,6
3,0.5877,1.0,1,27,6
3,0.4721,1.0,1,30,6
1,0.4721,1.0,1,29,6
1,0.4721,1.0,1,30,6
3,0.5337,-1.0,1,30,6
2,0.4721,1.0,1,32,6
2,0.4211,-1.0,1,34,6
3,0.5877,1.0,1,37,6
3,0.5337,-1.0,1,37,6
2,0.4721,1.0,1,35,6
2,0.5535,1.0,1,37,6
2,0.5794,-1.0,1,35,6
3,0.5877,1.0,1,38,6
1,0.5056,1.0,1,39,6
1,0.5056,1.0,1,40,6
2,0.5,0.0,1,40,6
3,0.3333,-1.0,1,40,6
2,0.3333,-1.0,1,42,6
3,0.4211,1.0,1,40,6
2,0.5794,0.0,0,0,7
2,0.5794,-1.0,0,0,7
2,0.4721,0.0,0,0,7
3,0.5877,0.0,0,2,7
2,0.5337,0.0,0,0,7
2,0.5794,-1.0,0,2,7
2,0.4721,-1.0,0,2,7
2,0.5535,0.0,0,2,7
3,0.5337,1.0,0,2,7
2,0.5535,-1.0,0,2,7
2,0.4721,1.0,0,2,7
3,0.4721,-1.0,0,2,7
3,0.5056,0.0,0,2,7
2,0.5877,-1.0,0,2,7
2,0.5794,-1.0,0,2,7
2,0.5056,-1.0,0,3,7
2,0.5535,-1.0,0,6,7
1,0.4721,-1.0,0,9,7
1,0.4721,-1.0,0,9,7
2,0.5794,1.0,0,7,7
2,0.5337,-1.0,0,7,7
2,0.5794,1.0,0,7,7
3,0.5535,-1.0,0,6,7
1,0.5877,-1.0,0,5,7
1,0.5877,1.0,0,4,7
1,0.5337,1.0,0,3,7
1,0.5337,1.0,0,2,7
3,0.5337,1.0,0,-1,7
3,0.5337,1.0,0,1,7
3,0.5535,1.0,0,-2,7
3,0.5337,-1.0,0,-5,7
2,0.5337,1.0,0,-2,7
3,0.5535,1.0,0,-2,7
2,0.5794,1.0,0,0,7
1,0.5337,-1.0,0,0,7
2,0.4721,-1.0,0,0,7
2,0.5794,-1.0,0,2,7
2,0.4721,1.0,0,4,7
3,0.5337,-1.0,0,1,7
2,0.5794,-1.0,0,1,7
2,0.4721,-1.0,0,-1,7
2,0.5337,1.0,0,-1,7
3,0.4721,1.0,0,-1,7
3,0.5535,-1.0,0,-1,7
2,0.5877,1.0,0,-3,7
2,0.5877,1.0,0,-3,7
2,0.5535,1.0,0,-3,7
2,0.5794,-1.0,0,-3,7
1,0.5794,1.0,0,-4,7
3,0.4928,0.0,0,-4,7
2,0.5535,1.0,0,-6,7
2,0.4721,1.0,0,-4,7
3,0.4721,-1.0,0,-7,7
3,0.5337,-1.0,0,-10,7
2,0.5877,1.0,0,-7,7
3,0.5535,1.0,0,-7,7
2,0.5337,1.0,0,-7,7
2,0.5056,1.0,0,-7,7
3,0.5535,1.0,0,-7,7
3,0.5056,-1.0,0,-7,7
2,0.5535,-1.0,0,-6,7
2,0.5535,-1.0,0,-6,7
3,0.5056,-1.0,0,-4,7
2,0.5877,-1.0,0,-4,7
2,0.4721,1.0,0,-4,7
2,0.5535,-1.0,0,-2,7
2,0.4721,1.0,0,0,7
1,0.5794,1.0,0,-1,7
1,0.5794,1.0,0,-2,7
2,0.4721,-1.0,0,0,7
2,0.4721,-1.0,0,0,7
3,0.5535,-1.0,0,5,7
1,0.5535,-1.0,0,5,7
1,0.5535,-1.0,0,4,7
2,0.5794,1.0,0,6,7
1,0.5877,1.0,0,5,7
1,0.5877,1.0,0,4,7
2,0.5056,-1.0,0,4,7
1,0.5056,1.0,0,4,7
3,0.5056,-1.0,0,6,7
3,0.5056,-1.0,0,6,7
2,0.5337,-1.0,0,8,7
3,0.5535,1.0,0,7,7
3,0.4721,0.0,1,-3,8
3,0.4721,-1.0,1,0,8
3,0.5337,0.0,1,3,8
3,0.5337,1.0,1,3,8
3,0.5337,-1.0,1,6,8
3,0.5877,0.0,1,9,8
3,0.5337,1.0,1,9,8
1,0.5794,0.0,1,10,8
1,0.5794,1.0,1,11,8
2,0.4721,1.0,1,10,8
3,0.5337,-1.0,1,7,8
2,0.5,0.0,1,9,8
3,0.4928,0.0,1,6,8
2,0.4928,-1.0,1,8,8
2,0.5794,1.0,1,8,8
3,0.4721,1.0,1,6,8
1,0.5877,1.0,1,5,8
1,0.5877,1.0,1,6,8
2,0.5877,1.0,1,4,8
3,0.4211,0.0,1,2,8
1,0.5056,0.0,1,3,8
1,0.5056,1.0,1,4,8
3,0.5337,-1.0,1,5,8
2,0.5056,1.0,1,5,8
3,0.5877,-1.0,1,6,8
3,0.5794,1.0,1,7,8
1,0.4721,-1.0,1,6,8
1,0.4721,1.0,1,7,8
1,0.4928,1.0,1,6,8
1,0.4928,1.0,1,7,8
3,0.5877,1.0,1,7,8
2,0.5877,1.0,1,7,8
3,0.4721,1.0,1,10,8
3,0.5877,-1.0,1,13,8
2,0.4721,1.0,1,12,8
3,0.4721,1.0,1,9,8
2,0.4721,-1.0,1,8,8
3,0.5337,1.0,1,8,8
3,0.5337,-1.0,1,8,8
2,0.5877,1.0,1,10,8
2,0.5877,1.0,1,12,8
1,0.5877,1.0,1,13,8
2,0.5794,1.0,1,13,8
2,0.5535,0.0,1,15,8
3,0.5056,-1.0,1,13,8
2,0.5056,-1.0,1,13,8
1,0.5056,1.0,1,14,8
2,0.4721,1.0,1,11,8
1,0.5535,1.0,1,9,8
1,0.5535,1.0,1,10,8
3,0.4721,-1.0,1,10,8
1,0.5877,1.0,1,11,8
1,0.5877,1.0,1,12,8
2,0.4721,-1.0,1,10,8
2,0.4721,1.0,1,10,8
2,0.5794,-1.0,1,10,8
1,0.4211,-1.0,1,11,8
1,0.4211,1.0,1,12,8
3,0.5535,1.0,1,15,8
3,0.5337,-1.0,1,15,8
3,0.5337,-1.0,1,18,8
3,0.4928,1.0,1,18,8
3,0.5337,1.0,1,21,8
2,0.5337,1.0,1,20,8
1,0.5337,1.0,1,21,8
1,0.5337,1.0,1,22,8
2,0.5056,1.0,1,24,8
1,0.5337,1.0,1,22,8
1,0.5337,1.0,1,23,8
1,0.5877,1.0,1,22,8
1,0.5877,1.0,1,23,8
3,0.5337,1.0,1,20,8
3,0.4211,1.0,1,18,8
2,0.5056,1.0,1,18,8
1,0.5535,1.0,1,17,8
1,0.5535,1.0,1,18,8
2,0.4211,-1.0,1,18,8
2,0.5535,1.0,1,20,8
3,0.4211,-1.0,1,21,8
1,0.5794,0.0,0,3,9
1,0.5794,-1.0,0,2,9
3,0.4721,0.0,0,4,9
2,0.5877,0.0,0,4,9
2,0.4721,1.0,0,4,9
3,0.5056,0.0,0,4,9
2,0.5056,-1.0,0,4,9
3,0.4721,-1.0,0,4,9
3,0.5337,0.0,0,6,9
3,0.4928,0.0,0,8,9
3,0.4721,-1.0,0,8,9
2,0.5535,0.0,0,8,9
3,0.5056,-1.0,0,5,9
2,0.5794,1.0,0,5,9
3,0.5794,-1.0,0,7,9
2,0.5877,-1.0,0,5,9
2,0.5877,1.0,0,7,9
2,0.4721,-1.0,0,9,9
2,0.5,0.0,0,9,9
3,0.5535,-1.0,0,11,9
3,0.5877,-1.0,0,11,9
3,0.4721,-1.0,0,11,9
2,0.5794,-1.0,0,13,9
3,0.5337,-1.0,0,13,9
3,0.4928,-1.0,0,13,9
3,0.5337,1.0,0,10,9
1,0.5794,-1.0,0,10,9
2,0.5794,-1.0,0,8,9
2,0.5794,1.0,0,8,9
2,0.5794,-1.0,0,8,9
2,0.4721,-1.0,0,8,9
2,0.5877,-1.0,0,8,9
2,0.4721,1.0,0,10,9
2,0.5794,-1.0,0,10,9
3,0.5056,1.0,0,12,9
3,0.5056,-1.0,0,9,9
2,0.4721,-1.0,0,11,9
3,0.5337,1.0,0,13,9
3,0.5056,1.0,0,13,9
3,0.5337,-1.0,0,15,9
3,0.5337,-1.0,0,18,9
2,0.5877,-1.0,0,18,9
3,0.4721,-1.0,0,15,9
3,0.5337,-1.0,0,17,9
1,0.5794,-1.0,0,19,9
1,0.5794,1.0,0,18,9
2,0.5535,-1.0,0,20,9
3,0.5535,-1.0,0,20,9
2,0.4721,1.0,0,18,9
2,0.4721,1.0,0,18,9
2,0.5535,-1.0,0,18,9
3,0.5056,-1.0,0,21,9
2,0.5535,-1.0,0,19,9
3,0.4721,-1.0,0,21,9
2,0.5877,-1.0,0,21,9
2,0.4211,0.0,0,21,9
2,0.4721,-1.0,0,19,9
1,0.4721,1.0,0,18,9
1,0.4721,1.0,0,20,9
1,0.4721,1.0,0,19,9
3,0.4928,-1.0,0,21,9
3,0.4211,-1.0,0,21,9
1,0.5056,-1.0,0,21,9
1,0.5056,-1.0,0,21,9
3,0.5337,0.0,0,2,10
2,0.5794,0.0,0,4,10
3,0.5535,0.0,0,1,10
2,0.5877,0.0,0,-1,10
1,0.5794,-1.0,0,-1,10
1,0.5794,-1.0,0,-2,10
2,0.5337,-1.0,0,-4,10
2,0.4721,0.0,0,-4,10
3,0.5056,0.0,0,-2,10
1,0.5535,1.0,0,-1,10
1,0.5535,1.0,0,-2,10
2,0.5877,1.0,0,-1,10
3,0.5794,1.0,0,-2,10
2,0.4721,-1.0,0,-1,10
2,0.5056,-1.0,0,-1,10
3,0.5337,1.0,0,0,10
1,0.5877,1.0,0,0,10
1,0.5877,-1.0,0,-1,10
2,0.4721,1.0,0,-1,10
3,0.5535,1.0,0,1,10
2,0.5337,1.0,0,1,10
2,0.5337,-1.0,0,1,10
2,0.5337,-1.0,0,2,10
1,0.5337,1.0,0,1,10
3,0.5337,1.0,0,3,10
2,0.5056,-1.0,0,6,10
2,0.5056,-1.0,0,4,10
3,0.5337,-1.0,0,6,10
2,0.5794,1.0,0,7,10
1,0.5794,1.0,0,8,10
1,0.5794,1.0,0,7,10
2,0.5877,1.0,0,7,10
2,0.5535,-1.0,0,7,10
3,0.5337,-1.0,0,7,10
3,0.5337,-1.0,0,9,10
3,0.5337,-1.0,0,9,10
2,0.5535,-1.0,0,10,10
1,0.5535,1.0,0,9,10
3,0.5794,1.0,0,9,10
2,0.5337,-1.0,0,7,10
2,0.5337,1.0,0,5,10
2,0.5535,1.0,0,5,10
2,0.5794,1.0,0,8,10
2,0.5794,-1.0,0,8,10
3,0.5535,-1.0,0,8,10
2,0.4721,-1.0,0,8,10
3,0.4721,-1.0,0,8,10
2,0.4721,-1.0,0,8,10
2,0.5794,-1.0,0,8,10
2,0.5794,1.0,0,8,10
2,0.5794,-1.0,0,8,10
2,0.5056,1.0,0,9,10
2,0.4721,1.0,0,7,10
2,0.5337,1.0,0,7,10
2,0.5056,-1.0,0,5,10
2,0.4721,1.0,0,6,10
2,0.5056,1.0,0,4,10
2,0.5794,-1.0,0,4,10
3,0.5337,1.0,0,4,10
3,0.5056,1.0,0,4,10
2,0.5794,-1.0,0,2,10
2,0.5794,1.0,0,2,10
3,0.5794,-1.0,0,4,10
3,0.4721,-1.0,0,6,10
1,0.5535,-1.0,0,7,10
1,0.5535,1.0,0,7,10
3,0.5535,-1.0,0,11,10
1,0.5337,-1.0,0,13,10
1,0.5337,1.0,0,12,10
2,0.5337,1.0,0,12,10
2,0.5337,-1.0,0,12,10
1,0.5535,-1.0,0,13,10
1,0.5535,1.0,0,12,10
3,0.5535,1.0,0,12,10
3,0.4721,-1.0,0,14,10
2,0.5535,-1.0,0,18,10
3,0.5877,-1.0,0,20,10
3,0.5877,-1.0,0,20,10
2,0.3333,0.0,0,20,10
2,0.4721,0.0,1,0,11
2,0.5794,0.0,1,-3,11
2,0.5794,-1.0,1,-1,11
2,0.5794,1.0,1,-1,11
2,0.4721,-1.0,1,-1,11
3,0.5337,0.0,1,-1,11
2,0.5337,-1.0,1,-1,11
3,0.4721,-1.0,1,2,11
3,0.5535,0.0,1,-1,11
3,0.4721,1.0,1,-4,11
1,0.5794,1.0,1,-4,11
1,0.5794,-1.0,1,-3,11
2,0.5056,0.0,1,-1,11
2,0.4721,-1.0,1,-1,11
2,0.4928,0.0,1,-4,11
2,0.5337,1.0,1,-5,11
2,0.5056,1.0,1,-5,11
3,0.5337,1.0,1,-5,11
2,0.5535,-1.0,1,-7,11
1,0.5794,1.0,1,-8,11
1,0.5794,1.0,1,-7,11
3,0.5535,1.0,1,-7,11
3,0.4721,1.0,1,-7,11
2,0.5337,-1.0,1,-8,11
2,0.5794,1.0,1,-6,11
2,0.5337,1.0,1,-4,11
2,0.4721,-1.0,1,-6,11
3,0.5056,-1.0,1,-8,11
3,0.5535,-1.0,1,-10,11
2,0.5535,-1.0,1,-8,11
2,0.4721,-1.0,1,-10,11
3,0.5877,0.0,1,-10,11
2,0.5056,-1.0,1,-8,11
3,0.5337,1.0,1,-8,11
2,0.5535,1.0,1,-8,11
1,0.5535,-1.0,1,-8,11
1,0.5535,-1.0,1,-7,11
3,0.5337,-1.0,1,-7,11
3,0.5056,1.0,1,-8,11
3,0.4721,-1.0,1,-5,11
1,0.4721,1.0,1,-5,11
2,0.5056,-1.0,1,-5,11
3,0.4721,-1.0,1,-5,11
3,0.5056,-1.0,1,-2,11
2,0.4721,-1.0,1,-2,11
3,0.4721,-1.0,1,-1,11
2,0.5794,1.0,1,1,11
3,0.5877,-1.0,1,1,11
2,0.4721,1.0,1,1,11
2,0.5337,-1.0,1,1,11
3,0.5535,1.0,1,1,11
2,0.5337,1.0,1,1,11
2,0.5056,1.0,1,3,11
2,0.5794,1.0,1,1,11
1,0.5877,-1.0,1,-1,11
1,0.5877,-1.0,1,0,11
2,0.5877,1.0,1,-2,11
2,0.4721,-1.0,1,0,11
3,0.5056,1.0,1,3,11
3,0.5337,1.0,1,6,11
1,0.5056,1.0,1,3,11
1,0.5056,1.0,1,4,11
2,0.4721,1.0,1,6,11
2,0.5794,-1.0,1,8,11
2,0.4721,1.0,1,10,11
1,0.5535,-1.0,1,10,11
1,0.4721,1.0,1,10,11
2,0.5794,1.0,1,10,11
1,0.5056,1.0,1,10,11
1,0.5056,1.0,1,11,11
1,0.4928,-1.0,1,12,11
1,0.4928,1.0,1,13,11
2,0.5535,0.0,0,0,12
2,0.5877,0.0,0,-2,12
3,0.5337,0.0,0,-5,12
2,0.5877,1.0,0,-7,12
3,0.4721,0.0,0,-5,12
1,0.5794,0.0,0,-5,12
1,0.5794,-1.0,0,-6,12
3,0.3043,0.0,0,-9,12
3,0.3043,1.0,0,-9,12
2,0.5877,1.0,0,-9,12
3,0.3043,-1.0,0,-5,12
3,0.5337,1.0,0,-3,12
2,0.5337,-1.0,0,-5,12
2,0.5535,-1.0,0,-5,12
3,0.5337,1.0,0,-6,12
1,0.5535,-1.0,0,-5,12
1,0.5535,1.0,0,-6,12
2,0.5535,1.0,0,-4,12
1,0.4721,-1.0,0,1,12
1,0.4721,1.0,0,0,12
3,0.3043,-1.0,0,3,12
2,0.4721,1.0,0,3,12
2,0.5535,-1.0,0,1,12
3,0.4721,1.0,0,1,12
3,0.3043,-1.0,0,1,12
2,0.5535,1.0,0,1,12
2,0.5535,-1.0,0,1,12
3,0.4928,0.0,0,1,12
2,0.5794,1.0,0,-1,12
2,0.4721,1.0,0,-1,12
2,0.4721,-1.0,0,-3,12
1,0.5337,1.0,0,-4,12
1,0.5337,1.0,0,-5,12
2,0.4721,1.0,0,-2,12
3,0.5337,1.0,0,0,12
3,0.4721,1.0,0,0,12
1,0.5794,1.0,0,-1,12
1,0.5794,1.0,0,-1,12
2,0.5535,-1.0,0,-1,12
2,0.5877,-1.0,0,-1,12
1,0.5877,1.0,0,-2,12
3,0.5337,-1.0,0,-5,12
2,0.5535,1.0,0,-3,12
2,0.5877,1.0,0,-5,12
3,0.5337,1.0,0,-3,12
3,0.4928,-1.0,0,-3,12
2,0.5535,-1.0,0,-3,12
2,0.5794,-1.0,0,-3,12
1,0.5535,-1.0,0,-1,12
1,0.5535,-1.0,0,-2,12
2,0.5535,1.0,0,-4,12
2,0.5337,-1.0,0,-4,12
3,0.5337,-1.0,0,-7,12
1,0.3043,-1.0,0,-8,12
1,0.3043,1.0,0,-9,12
2,0.5877,1.0,0,-9,12
3,0.4211,0.0,0,-9,12
2,0.5877,-1.0,0,-9,12
3,0.4721,-1.0,0,-6,12
1,0.5877,-1.0,0,-4,12
1,0.5877,1.0,0,-4,12
2,0.5877,-1.0,0,-3,12
1,0.5877,1.0,0,-4,12
2,0.5337,1.0,0,-6,12
2,0.5794,-1.0,0,-1,12
3,0.5337,1.0,0,1,12
2,0.4721,-1.0,0,-1,12
2,0.5337,-1.0,0,-1,12
1,0.5877,1.0,0,-2,12
1,0.5877,1.0,0,-3,12
1,0.5337,-1.0,0,-4,12
1,0.5337,1.0,0,-4,12
1,0.5337,-1.0,0,-4,12
1,0.5337,1.0,0,-5,12
1,0.5877,1.0,0,-3,12
1,0.5877,1.0,0,-4,12
1,0.5535,1.0,0,-3,12
1,0.5535,1.0,0,-4,12
1,0.3043,1.0,0,-5,12
1,0.3043,1.0,0,-6,12
3,0.5535,0.0,1,0,13
2,0.5877,0.0,1,2,13
2,0.5794,0.0,1,2,13
1,0.4721,0.0,1,3,13
1,0.4721,1.0,1,4,13
2,0.5535,-1.0,1,1,13
3,0.5877,1.0,1,4,13
3,0.5337,0.0,1,1,13
2,0.4721,1.0,1,3,13
2,0.4211,0.0,1,0,13
3,0.4721,1.0,1,1,13
3,0.4721,1.0,1,1,13
2,0.5535,-1.0,1,1,13
2,0.5794,-1.0,1,3,13
2,0.5535,1.0,1,3,13
1,0.5535,1.0,1,2,13
1,0.5535,1.0,1,3,13
2,0.3043,0.0,1,3,13
3,0.4721,-1.0,1,3,13
1,0.5535,1.0,1,4,13
1,0.5535,1.0,1,4,13
2,0.4721,-1.0,1,4,13
1,0.4721,-1.0,1,5,13
1,0.4721,1.0,1,6,13
2,0.4721,1.0,1,5,13
2,0.5535,-1.0,1,7,13
2,0.5877,1.0,1,7,13
2,0.4721,1.0,1,7,13
2,0.4721,-1.0,1,7,13
2,0.4721,-1.0,1,7,13
3,0.3043,-1.0,1,7,13
2,0.5877,-1.0,1,9,13
1,0.5877,1.0,1,10,13
1,0.5877,1.0,1,11,13
1,0.5877,1.0,1,12,13
2,0.4721,-1.0,1,14,13
3,0.4721,1.0,1,12,13
2,0.5794,1.0,1,14,13
2,0.4721,-1.0,1,14,13
3,0.5337,-1.0,1,14,13
3,0.4721,-1.0,1,17,13
2,0.4721,1.0,1,19,13
2,0.4721,1.0,1,21,13
3,0.3043,-1.0,1,24,13
2,0.4721,1.0,1,24,13
3,0.3043,1.0,1,22,13
3,0.3043,-1.0,1,20,13
2,0.5535,1.0,1,20,13
3,0.5794,1.0,1,23,13
2,0.4721,1.0,1,23,13
2,0.5535,-1.0,1,23,13
2,0.5535,-1.0,1,25,13
3,0.4928,0.0,1,23,13
2,0.5535,1.0,1,25,13
3,0.4928,-1.0,1,25,13
2,0.5794,1.0,1,26,13
3,0.5337,-1.0,1,26,13
3,0.4721,-1.0,1,26,13
3,0.4721,-1.0,1,26,13
1,0.5535,1.0,1,25,13
1,0.5535,1.0,1,26,13
2,0.5535,1.0,1,28,13
1,0.5535,1.0,1,29,13
2,0.5337,1.0,1,27,13
2,0.5535,1.0,1,27,13
3,0.4721,-1.0,1,27,13
2,0.5337,-1.0,1,29,13
3,0.5337,1.0,1,32,13
3,0.5337,1.0,1,35,13
1,0.4211,-1.0,1,34,13
1,0.4211,1.0,1,35,13
2,0.5,0.0,1,35,13
3,0.4928,-1.0,1,34,13
3,0.4721,0.0,0,0,14
3,0.5794,0.0,0,2,14
2,0.5535,0.0,0,0,14
2,0.5337,0.0,0,0,14
1,0.5794,-1.0,0,4,14
1,0.5794,1.0,0,3,14
2,0.3043,0.0,0,4,14
3,0.4721,-1.0,0,1,14
3,0.5337,-1.0,0,2,14
3,0.5056,0.0,0,-1,14
3,0.5337,-1.0,0,-1,14
2,0.4721,1.0,0,-1,14
2,0.5794,1.0,0,-1,14
2,0.5337,1.0,0,0,14
3,0.4721,-1.0,0,2,14
2,0.5535,1.0,0,0,14
2,0.4721,-1.0,0,-2,14
2,0.5535,1.0,0,-4,14
3,0.5337,1.0,0,1,14
1,0.5535,1.0,0,1,14
3,0.5056,1.0,0,-2,14
2,0.5337,-1.0,0,-4,14
3,0.5535,-1.0,0,-2,14
3,0.3043,1.0,0,2,14
3,0.5337,1.0,0,4,14
3,0.5056,1.0,0,6,14
1,0.5337,-1.0,0,5,14
1,0.5337,1.0,0,4,14
2,0.5337,1.0,0,5,14
1,0.4721,1.0,0,4,14
1,0.4721,1.0,0,3,14
1,0.4721,1.0,0,2,14
2,0.5535,-1.0,0,2,14
2,0.4721,1.0,0,0,14
3,0.5337,1.0,0,-3,14
3,0.5877,0.0,0,-1,14
3,0.5337,1.0,0,-1,14
2,0.5535,-1.0,0,-1,14
2,0.5794,-1.0,0,-3,14
2,0.5337,-1.0,0,-3,14
2,0.5337,-1.0,0,-5,14
2,0.5794,1.0,0,-7,14
1,0.5794,1.0,0,-8,14
1,0.5337,1.0,0,-7,14
1,0.5337,1.0,0,-8,14
1,0.5337,1.0,0,-9,14
3,0.5337,1.0,0,-10,14
2,0.5535,-1.0,0,-10,14
3,0.5337,1.0,0,-10,14
2,0.5337,-1.0,0,-8,14
3,0.5056,-1.0,0,-6,14
2,0.5056,-1.0,0,-6,14
1,0.5877,-1.0,0,-7,14
1,0.5877,1.0,0,-8,14
1,0.5337,1.0,0,-7,14
1,0.5337,1.0,0,-8,14
3,0.4721,1.0,0,-9,14
2,0.5337,1.0,0,-7,14
1,0.4721,1.0,0,-8,14
1,0.4721,1.0,0,-8,14
1,0.4721,-1.0,0,-9,14
1,0.4721,1.0,0,-10,14
2,0.5794,1.0,0,-10,14
2,0.4721,1.0,0,-10,14
1,0.4721,-1.0,0,-11,14
1,0.4721,1.0,0,-12,14
3,0.5056,1.0,0,-12,14
2,0.5337,-1.0,0,-13,14
3,0.4721,1.0,0,-16,14
2,0.4721,1.0,0,-15,14
3,0.4721,0.0,0,-3,15
2,0.5535,0.0,0,-1,15
2,0.5794,0.0,0,-1,15
3,0.5056,0.0,0,-1,15
3,0.5337,0.0,0,2,15
2,0.3043,0.0,0,2,15
2,0.5056,-1.0,0,0,15
2,0.5337,-1.0,0,0,15
2,0.5337,-1.0,0,0,15
2,0.5337,-1.0,0,-2,15
2,0.5535,-1.0,0,1,15
2,0.5337,1.0,0,-1,15
1,0.5337,1.0,0,-2,15
3,0.4721,1.0,0,-5,15
3,0.5337,1.0,0,-5,15
1,0.5337,-1.0,0,-4,15
1,0.5337,1.0,0,-5,15
1,0.5337,1.0,0,-5,15
1,0.5337,1.0,0,-6,15
2,0.5794,-1.0,0,-6,15
2,0.5794,1.0,0,-6,15
2,0.5794,-1.0,0,-8,15
3,0.5337,1.0,0,-8,15
2,0.5794,1.0,0,-6,15
2,0.5794,-1.0,0,-8,15
2,0.5337,-1.0,0,-6,15
3,0.5337,-1.0,0,-9,15
2,0.4721,1.0,0,-9,15
2,0.5337,1.0,0,-11,15
1,0.5794,1.0,0,-12,15
1,0.5794,1.0,0,-13,15
1,0.5056,1.0,0,-14,15
1,0.5056,1.0,0,-15,15
2,0.4211,0.0,0,-17,15
3,0.5056,1.0,0,-17,15
2,0.4211,1.0,0,-15,15
2,0.5337,1.0,0,-14,15
1,0.5794,1.0,0,-15,15
1,0.5794,1.0,0,-16,15
2,0.5794,1.0,0,-15,15
3,0.5337,-1.0,0,-13,15
3,0.5877,0.0,0,-13,15
3,0.5337,-1.0,0,-11,15
2,0.4721,-1.0,0,-13,15
3,0.4721,1.0,0,-11,15
3,0.5337,-1.0,0,-12,15
2,0.5337,1.0,0,-12,15
2,0.5794,1.0,0,-10,15
2,0.5794,-1.0,0,-10,15
2,0.5794,-1.0,0,-10,15
3,0.5337,1.0,0,-7,15
2,0.4721,-1.0,0,-9,15
2,0.5877,-1.0,0,-9,15
3,0.5337,-1.0,0,-9,15
1,0.4721,1.0,0,-8,15
1,0.4721,1.0,0,-9,15
2,0.5794,-1.0,0,-11,15
1,0.5794,1.0,0,-12,15
2,0.4721,1.0,0,-12,15
2,0.3043,-1.0,0,-12,15
3,0.3043,-1.0,0,-9,15
3,0.5877,1.0,0,-9,15
3,0.4721,-1.0,0,-9,15
3,0.5337,-1.0,0,-7,15
2,0.5337,-1.0,0,-4,15
3,0.5337,1.0,0,-3,15
2,0.4721,-1.0,0,-2,15
1,0.4721,1.0,0,-3,15
1,0.5877,-1.0,0,-4,15
1,0.5877,1.0,0,-4,15
1,0.4721,1.0,0,-3,15
1,0.4721,1.0,0,-4,15
1,0.4721,1.0,0,-3,15
1,0.4721,1.0,0,-4,15
2,0.4721,0.0,1,2,16
2,0.5794,0.0,1,4,16
3,0.4721,1.0,1,5,16
2,0.5794,1.0,1,7,16
2,0.5794,1.0,1,9,16
2,0.5535,0.0,1,11,16
3,0.5056,0.0,1,11,16
2,0.5535,1.0,1,13,16
1,0.4721,1.0,1,12,16
1,0.4721,1.0,1,13,16
2,0.5535,1.0,1,13,16
2,0.5794,1.0,1,15,16
3,0.5337,0.0,1,16,16
2,0.5337,1.0,1,16,16
2,0.5056,-1.0,1,18,16
2,0.4721,1.0,1,14,16
1,0.4721,-1.0,1,15,16
1,0.4721,1.0,1,16,16
3,0.5337,1.0,1,16,16
2,0.4211,0.0,1,14,16
2,0.5535,-1.0,1,13,16
3,0.5337,1.0,1,16,16
2,0.5056,1.0,1,13,16
3,0.5056,-1.0,1,13,16
3,0.3043,0.0,1,16,16
3,0.4721,1.0,1,19,16
2,0.5535,1.0,1,19,16
2,0.5794,1.0,1,19,16
3,0.4721,1.0,1,22,16
2,0.5535,-1.0,1,24,16
1,0.5535,1.0,1,25,16
2,0.4721,1.0,1,25,16
3,0.5337,1.0,1,28,16
3,0.5056,-1.0,1,28,16
1,0.5877,0.0,1,29,16
1,0.5877,1.0,1,30,16
2,0.4211,-1.0,1,30,16
2,0.5794,-1.0,1,32,16
3,0.4721,-1.0,1,32,16
1,0.5794,1.0,1,33,16
1,0.5794,1.0,1,34,16
2,0.4721,-1.0,1,32,16
1,0.5535,1.0,1,33,16
1,0.5535,1.0,1,34,16
1,0.5535,1.0,1,34,16
1,0.5535,1.0,1,35,16
1,0.5535,1.0,1,35,16
1,0.5535,1.0,1,35,16
3,0.5337,1.0,1,32,16
3,0.5337,-1.0,1,35,16
3,0.5056,1.0,1,38,16
2,0.3333,0.0,1,38,16
2,0.5794,1.0,1,37,16
2,0.3043,1.0,1,37,16
2,0.4211,-1.0,1,37,16
3,0.3043,-1.0,1,34,16
3,0.3333,1.0,1,37,16
3,0.3043,-1.0,1,37,16
2,0.4211,-1.0,1,36,16
2,0.5,0.0,1,38,16
2,0.5,1.0,1,40,16
3,0.3043,-1.0,1,40,16
2,0.5794,0.0,1,-1,17
3,0.4721,0.0,1,2,17
3,0.5337,0.0,1,-1,17
2,0.5535,0.0,1,-1,17
2,0.5337,-1.0,1,-3,17
3,0.4721,1.0,1,-3,17
2,0.4721,-1.0,1,-1,17
2,0.4721,1.0,1,-1,17
2,0.5337,-1.0,1,-4,17
3,0.5877,0.0,1,-4,17
3,0.5056,0.0,1,-4,17
3,0.5337,-1.0,1,-6,17
3,0.5056,-1.0,1,-6,17
2,0.5535,-1.0,1,-4,17
3,0.4721,1.0,1,-1,17
2,0.5535,1.0,1,-4,17
3,0.5794,1.0,1,-4,17
3,0.5535,-1.0,1,-6,17
2,0.5794,-1.0,1,-4,17
3,0.4721,1.0,1,-4,17
2,0.5794,1.0,1,-2,17
2,0.4721,-1.0,1,-5,17
2,0.5535,-1.0,1,-3,17
3,0.5056,-1.0,1,-3,17
2,0.5056,-1.0,1,-5,17
2,0.5794,1.0,1,-3,17
3,0.5337,-1.0,1,0,17
2,0.5056,-1.0,1,2,17
2,0.4721,-1.0,1,2,17
2,0.5337,1.0,1,4,17
2,0.5337,1.0,1,1,17
2,0.5794,1.0,1,-1,17
2,0.5337,-1.0,1,1,17
3,0.5337,1.0,1,1,17
2,0.5056,1.0,1,1,17
1,0.5794,-1.0,1,2,17
1,0.5794,1.0,1,3,17
2,0.4721,-1.0,1,0,17
3,0.5337,-1.0,1,0,17
3,0.5056,-1.0,1,0,17
3,0.5877,-1.0,1,0,17
2,0.5337,-1.0,1,0,17
2,0.5535,1.0,1,2,17
2,0.5535,1.0,1,4,17
3,0.5877,1.0,1,4,17
2,0.5794,1.0,1,4,17
2,0.5794,-1.0,1,6,17
3,0.4721,-1.0,1,9,17
2,0.4721,1.0,1,6,17
3,0.5056,-1.0,1,6,17
3,0.5877,-1.0,1,3,17
2,0.5794,1.0,1,5,17
1,0.5794,1.0,1,6,17
3,0.5535,1.0,1,6,17
1,0.4721,-1.0,1,4,17
2,0.5056,1.0,1,4,17
3,0.5337,-1.0,1,4,17
2,0.5337,-1.0,1,3,17
1,0.5337,1.0,1,4,17
2,0.5794,1.0,1,2,17
2,0.4721,-1.0,1,0,17
2,0.5794,-1.0,1,0,17
3,0.4721,-1.0,1,-3,17
3,0.4721,0.0,0,-1,18
2,0.5535,0.0,0,0,18
1,0.5535,1.0,0,-1,18
3,0.5877,0.0,0,1,18
1,0.4721,1.0,0,0,18
1,0.4721,1.0,0,-1,18
2,0.5794,0.0,0,-1,18
2,0.5794,-1.0,0,-1,18
3,0.4721,1.0,0,-1,18
2,0.4721,-1.0,0,-3,18
3,0.5056,0.0,0,-4,18
1,0.5337,0.0,0,-3,18
1,0.5337,1.0,0,-4,18
2,0.5337,1.0,0,-6,18
2,0.5056,1.0,0,-6,18
2,0.5535,1.0,0,-8,18
2,0.5794,-1.0,0,-7,18
2,0.4721,1.0,0,-9,18
3,0.4721,1.0,0,-7,18
3,0.4211,0.0,0,-7,18
2,0.5337,1.0,0,-4,18
2,0.5794,-1.0,0,-6,18
1,0.4211,-1.0,0,-7,18
1,0.4211,1.0,0,-8,18
3,0.5535,1.0,0,-6,18
2,0.4721,-1.0,0,-5,18
2,0.5056,-1.0,0,-4,18
3,0.5337,-1.0,0,-4,18
2,0.5535,-1.0,0,-2,18
2,0.5535,-1.0,0,-4,18
2,0.5337,1.0,0,-2,18
3,0.4721,1.0,0,-2,18
3,0.5337,-1.0,0,0,18
3,0.5056,1.0,0,0,18
3,0.5337,-1.0,0,1,18
2,0.5794,1.0,0,3,18
2,0.5877,-1.0,0,3,18
3,0.5337,1.0,0,7,18
3,0.4721,-1.0,0,7,18
3,0.5535,1.0,0,7,18
2,0.5535,-1.0,0,5,18
2,0.4721,-1.0,0,6,18
2,0.5535,1.0,0,4,18
2,0.5535,1.0,0,2,18
1,0.5535,1.0,0,1,18
2,0.5056,-1.0,0,1,18
2,0.3043,0.0,0,-1,18
2,0.4721,1.0,0,2,18
3,0.5337,-1.0,0,1,18
2,0.5535,1.0,0,-1,18
3,0.5337,1.0,0,-1,18
2,0.4721,1.0,0,1,18
3,0.5337,-1.0,0,-2,18
3,0.5337,1.0,0,-5,18
3,0.5877,-1.0,0,-5,18
2,0.4721,-1.0,0,-5,18
2,0.5337,1.0,0,-3,18
2,0.5535,1.0,0,-5,18
3,0.5056,-1.0,0,-8,18
1,0.5337,-1.0,0,-9,18
1,0.5337,1.0,0,-10,18
2,0.4721,1.0,0,-9,18
2,0.5337,1.0,0,-9,18
3,0.5056,1.0,0,-9,18
3,0.5337,1.0,0,-10,18
1,0.5056,-1.0,0,-11,18
1,0.5056,1.0,0,-12,18
2,0.5056,1.0,0,-11,18
1,0.5877,-1.0,0,-10,18
1,0.5877,1.0,0,-11,18
1,0.5337,1.0,0,-10,18
1,0.5337,1.0,0,-11,18
3,0.5337,0.0,1,0,19
3,0.5877,0.0,1,3,19
2,0.4721,0.0,1,3,19
2,0.4721,-1.0,1,5,19
2,0.4721,1.0,1,2,19
2,0.5794,0.0,1,2,19
2,0.5337,-1.0,1,-1,19
3,0.4721,-1.0,1,2,19
3,0.5337,-1.0,1,2,19
3,0.4721,1.0,1,3,19
3,0.4721,1.0,1,2,19
2,0.5877,1.0,1,2,19
3,0.3043,0.0,1,2,19
3,0.5535,0.0,1,5,19
2,0.5535,1.0,1,4,19
2,0.4211,0.0,1,6,19
3,0.5056,0.0,1,9,19
2,0.4721,1.0,1,7,19
3,0.4721,-1.0,1,7,19
2,0.5337,-1.0,1,4,19
1,0.5535,1.0,1,4,19
1,0.5535,-1.0,1,5,19
2,0.3043,-1.0,1,7,19
3,0.5337,-1.0,1,10,19
2,0.5794,-1.0,1,10,19
2,0.5794,-1.0,1,12,19
3,0.5337,1.0,1,15,19
2,0.4721,-1.0,1,13,19
1,0.5794,1.0,1,13,19
1,0.5794,-1.0,1,14,19
2,0.5337,1.0,1,14,19
3,0.4721,-1.0,1,11,19
3,0.5056,1.0,1,11,19
2,0.5056,-1.0,1,13,19
2,0.4721,-1.0,1,10,19
2,0.4721,-1.0,1,12,19
3,0.3043,1.0,1,12,19
3,0.5877,-1.0,1,12,19
2,0.5877,-1.0,1,12,19
3,0.4721,1.0,1,10,19
3,0.4721,-1.0,1,10,19
2,0.5337,-1.0,1,8,19
3,0.5337,-1.0,1,9,19
2,0.5056,1.0,1,9,19
3,0.5535,1.0,1,9,19
1,0.5794,1.0,1,8,19
1,0.5794,1.0,1,9,19
3,0.5337,1.0,1,12,19
3,0.4721,-1.0,1,13,19
3,0.4721,1.0,1,13,19
1,0.4211,1.0,1,14,19
1,0.4211,1.0,1,15,19
2,0.5794,1.0,1,17,19
2,0.5535,-1.0,1,17,19
2,0.3043,-1.0,1,17,19
1,0.5337,1.0,1,17,19
1,0.5337,1.0,1,18,19
3,0.4721,-1.0,1,18,19
2,0.5794,1.0,1,20,19
2,0.5794,1.0,1,22,19
2,0.3043,1.0,1,20,19
2,0.5535,-1.0,1,22,19
2,0.4211,1.0,1,22,19
2,0.3333,0.0,1,22,19
3,0.5056,-1.0,1,22,19
2,0.3333,-1.0,1,24,19
2,0.5337,0.0,1,2,20
2,0.5794,0.0,1,-1,20
2,0.5535,0.0,1,-1,20
3,0.4721,0.0,1,-3,20
2,0.5056,0.0,1,-5,20
1,0.5056,-1.0,1,-4,20
1,0.5056,1.0,1,-3,20
2,0.5535,-1.0,1,-3,20
2,0.4721,-1.0,1,-3,20
3,0.5056,1.0,1,-3,20
2,0.5877,0.0,1,-3,20
3,0.4211,0.0,1,-3,20
3,0.5794,-1.0,1,0,20
3,0.5337,1.0,1,0,20
2,0.5794,1.0,1,0,20
2,0.5794,1.0,1,2,20
3,0.4721,-1.0,1,3,20
3,0.5535,-1.0,1,3,20
3,0.5056,-1.0,1,4,20
1,0.5877,-1.0,1,5,20
1,0.5877,1.0,1,6,20
2,0.5056,1.0,1,8,20
3,0.4721,1.0,1,11,20
3,0.5056,1.0,1,14,20
3,0.5337,1.0,1,17,20
1,0.4928,0.0,1,15,20
1,0.4928,1.0,1,15,20
3,0.4211,1.0,1,18,20
2,0.4721,1.0,1,16,20
2,0.4721,1.0,1,16,20
1,0.5877,1.0,1,14,20
1,0.5877,-1.0,1,15,20
2,0.4721,-1.0,1,15,20
3,0.5056,1.0,1,15,20
3,0.4721,-1.0,1,13,20
2,0.5794,1.0,1,15,20
2,0.4721,-1.0,1,15,20
3,0.5337,1.0,1,13,20
3,0.5337,-1.0,1,11,20
3,0.4928,-1.0,1,11,20
1,0.5337,-1.0,1,12,20
1,0.5337,1.0,1,12,20
3,0.5056,-1.0,1,15,20
2,0.5535,-1.0,1,15,20
1,0.5535,1.0,1,15,20
1,0.5794,1.0,1,16,20
1,0.5794,1.0,1,17,20
2,0.5056,1.0,1,17,20
1,0.4928,-1.0,1,16,20
1,0.4928,1.0,1,17,20
2,0.5535,-1.0,1,15,20
3,0.4928,1.0,1,15,20
2,0.4211,1.0,1,15,20
1,0.4928,-1.0,1,16,20
1,0.4928,1.0,1,17,20
3,0.4211,-1.0,1,17,20
1,0.5794,1.0,1,18,20
1,0.5794,1.0,1,19,20
2,0.5877,1.0,1,17,20
3,0.5337,-1.0,1,20,20
1,0.5794,1.0,1,19,20
1,0.5794,1.0,1,20,20
3,0.5877,-1.0,1,17,20
2,0.5056,-1.0,1,15,20
2,0.5877,-1.0,1,17,20
2,0.5535,-1.0,1,17,20
3,0.4721,-1.0,1,12,20
2,0.5337,1.0,1,11,20
1,0.5337,1.0,1,12,20
1,0.5337,1.0,1,13,20
1,0.5337,1.0,1,14,20
2,0.5056,-1.0,1,16,20
3,0.5877,0.0,0,3,21
2,0.5877,-1.0,0,5,21
3,0.5337,0.0,0,8,21
1,0.5877,1.0,0,7,21
1,0.5877,1.0,0,6,21
2,0.5056,0.0,0,4,21
2,0.5056,1.0,0,7,21
2,0.5794,0.0,0,10,21
3,0.5056,1.0,0,9,21
2,0.5794,-1.0,0,9,21
3,0.5056,1.0,0,6,21
2,0.5535,0.0,0,7,21
3,0.5535,1.0,0,6,21
3,0.5337,-1.0,0,8,21
2,0.5535,1.0,0,9,21
3,0.5337,-1.0,0,6,21
2,0.5337,1.0,0,6,21
3,0.5877,1.0,0,3,21
3,0.4721,0.0,0,5,21
3,0.4721,-1.0,0,7,21
3,0.5794,-1.0,0,10,21
3,0.5337,-1.0,0,10,21
2,0.4721,-1.0,0,12,21
3,0.5337,-1.0,0,14,21
1,0.4721,-1.0,0,13,21
1,0.4721,1.0,0,12,21
3,0.5337,-1.0,0,9,21
3,0.5337,1.0,0,11,21
3,0.5056,1.0,0,14,21
3,0.4721,1.0,0,14,21
2,0.4721,-1.0,0,12,21
1,0.5877,1.0,0,11,21
1,0.5877,1.0,0,10,21
2,0.5535,1.0,0,12,21
2,0.5877,1.0,0,12,21
2,0.5794,-1.0,0,10,21
3,0.4721,1.0,0,10,21
2,0.4721,-1.0,0,8,21
3,0.4721,1.0,0,8,21
2,0.5535,-1.0,0,8,21
2,0.5794,1.0,0,6,21
2,0.5877,-1.0,0,9,21
1,0.5877,1.0,0,8,21
3,0.5337,-1.0,0,5,21
3,0.5337,1.0,0,8,21
2,0.5877,1.0,0,6,21
3,0.4721,-1.0,0,6,21
3,0.5535,-1.0,0,6,21
1,0.5535,-1.0,0,5,21
1,0.5535,1.0,0,5,21
2,0.5535,-1.0,0,5,21
1,0.5877,1.0,0,4,21
1,0.5877,1.0,0,3,21
2,0.5794,1.0,0,3,21
3,0.5337,-1.0,0,3,21
3,0.4928,0.0,0,5,21
3,0.4721,-1.0,0,5,21
2,0.5056,-1.0,0,7,21
3,0.5535,-1.0,0,9,21
1,0.5056,-1.0,0,10,21
1,0.5056,1.0,0,9,21
1,0.5337,-1.0,0,8,21
1,0.5337,1.0,0,7,21
2,0.4721,-1.0,0,10,21
2,0.5535,-1.0,0,13,21
2,0.5535,-1.0,0,13,21
1,0.5877,1.0,0,12,21
1,0.5535,1.0,0,13,21
1,0.5877,1.0,0,11,21
1,0.4721,-1.0,0,10,21
1,0.4721,1.0,0,10,21
2,0.5337,1.0,0,8,21
3,0.5337,1.0,0,10,21
3,0.5056,1.0,0,10,21
2,0.5337,-1.0,0,10,21
3,0.5535,-1.0,0,12,21
3,0.4211,0.0,0,11,21
3,0.5337,-1.0,0,8,21
3,0.5056,-1.0,0,9,21
3,0.5794,-1.0,0,10,21
2,0.5794,0.0,1,0,22
3,0.5337,0.0,1,-3,22
2,0.5056,0.0,1,-3,22
3,0.5337,-1.0,1,-1,22
2,0.5056,1.0,1,-3,22
1,0.5794,-1.0,1,-2,22
1,0.5794,1.0,1,-1,22
2,0.5794,1.0,1,1,22
1,0.5794,1.0,1,2,22
1,0.5794,1.0,1,3,22
2,0.5877,0.0,1,1,22
2,0.4928,0.0,1,1,22
2,0.5337,1.0,1,3,22
1,0.5337,1.0,1,4,22
3,0.5337,1.0,1,4,22
2,0.5794,1.0,1,4,22
2,0.5794,1.0,1,2,22
2,0.5056,-1.0,1,2,22
2,0.5794,-1.0,1,4,22
2,0.5337,-1.0,1,1,22
1,0.5535,0.0,1,2,22
1,0.5535,1.0,1,3,22
2,0.5794,1.0,1,5,22
2,0.5056,-1.0,1,7,22
1,0.4928,1.0,1,8,22
1,0.4928,1.0,1,9,22
2,0.5337,-1.0,1,9,22
2,0.5877,-1.0,1,9,22
2,0.5056,1.0,1,9,22
3,0.5337,-1.0,1,9,22
2,0.5535,1.0,1,9,22
3,0.5794,1.0,1,9,22
3,0.5337,1.0,1,12,22
2,0.5794,-1.0,1,14,22
2,0.5794,1.0,1,9,22
3,0.5877,1.0,1,10,22
2,0.5794,-1.0,1,7,22
2,0.5794,-1.0,1,9,22
2,0.5337,1.0,1,9,22
3,0.4928,1.0,1,10,22
2,0.5056,1.0,1,12,22
2,0.5535,-1.0,1,12,22
2,0.5794,1.0,1,14,22
2,0.5337,1.0,1,14,22
3,0.5337,-1.0,1,17,22
2,0.5794,1.0,1,19,22
2,0.5794,1.0,1,19,22
3,0.5337,1.0,1,19,22
2,0.5877,1.0,1,19,22
1,0.5337,-1.0,1,20,22
1,0.5337,1.0,1,21,22
2,0.5877,1.0,1,21,22
2,0.5056,1.0,1,23,22
2,0.5337,1.0,1,19,22
3,0.5535,-1.0,1,17,22
2,0.5535,-1.0,1,16,22
1,0.5535,1.0,1,16,22
1,0.5056,1.0,1,14,22
1,0.5056,1.0,1,15,22
2,0.5877,-1.0,1,11,22
2,0.5794,1.0,1,13,22
1,0.5877,-1.0,1,14,22
1,0.5877,1.0,1,15,22
2,0.5535,-1.0,1,12,22
1,0.5056,1.0,1,11,22
1,0.5056,1.0,1,12,22
1,0.4928,1.0,1,13,22
1,0.4928,1.0,1,14,22
1,0.5056,1.0,1,15,22
1,0.5056,1.0,1,16,22
2,0.5877,1.0,1,15,22
3,0.4721,0.0,0,0,23
3,0.5794,0.0,0,-3,23
3,0.4721,-1.0,0,0,23
2,0.5535,0.0,0,-2,23
2,0.5337,0.0,0,-2,23
1,0.5535,1.0,0,-3,23
1,0.5535,1.0,0,-4,23
2,0.5056,0.0,0,-4,23
3,0.5535,1.0,0,-1,23
2,0.5877,0.0,0,-1,23
2,0.5877,1.0,0,-3,23
2,0.5794,1.0,0,-5,23
1,0.5794,1.0,0,-6,23
2,0.4721,-1.0,0,-6,23
3,0.5337,-1.0,0,-4,23
2,0.5056,-1.0,0,-6,23
3,0.5056,1.0,0,-6,23
1,0.5535,-1.0,0,-7,23
1,0.5535,1.0,0,-7,23
1,0.4721,-1.0,0,-7,23
1,0.4721,-1.0,0,-7,23
2,0.4211,0.0,0,-7,23
2,0.5794,1.0,0,-7,23
2,0.5056,-1.0,0,-5,23
3,0.4721,-1.0,0,-5,23
3,0.4721,-1.0,0,-8,23
2,0.5794,1.0,0,-8,23
1,0.5535,-1.0,0,-7,23
1,0.5535,1.0,0,-8,23
2,0.5877,1.0,0,-8,23
1,0.4721,1.0,0,-6,23
1,0.4721,1.0,0,-7,23
2,0.5535,1.0,0,-7,23
2,0.5056,-1.0,0,-9,23
3,0.5535,-1.0,0,-7,23
2,0.5794,1.0,0,-6,23
3,0.5794,1.0,0,-6,23
2,0.5337,-1.0,0,-6,23
2,0.5794,-1.0,0,-3,23
2,0.5794,-1.0,0,-5,23
2,0.5794,1.0,0,-7,23
3,0.5337,-1.0,0,-7,23
2,0.5877,1.0,0,-9,23
2,0.5877,1.0,0,-9,23
1,0.4721,1.0,0,-10,23
1,0.4721,1.0,0,-11,23
3,0.3043,0.0,0,-11,23
3,0.5056,1.0,0,-11,23
1,0.4721,1.0,0,-11,23
1,0.4721,-1.0,0,-11,23
2,0.5056,-1.0,0,-13,23
1,0.5056,1.0,0,-14,23
2,0.5535,-1.0,0,-16,23
2,0.5877,-1.0,0,-12,23
1,0.5535,1.0,0,-12,23
1,0.5535,-1.0,0,-12,23
2,0.5877,1.0,0,-10,23
3,0.5056,1.0,0,-10,23
2,0.4721,-1.0,0,-10,23
1,0.4721,-1.0,0,-11,23
1,0.4721,1.0,0,-12,23
3,0.5337,-1.0,0,-10,23
3,0.4721,1.0,0,-13,23
2,0.4721,1.0,0,-13,23
2,0.5056,-1.0,0,-11,23
3,0.4721,1.0,0,-11,23
3,0.5056,-1.0,0,-14,23
3,0.5056,1.0,0,-17,23
3,0.4211,-1.0,0,-16,23
2,0.5877,-1.0,0,-16,23
2,0.5535,-1.0,0,-18,23
2,0.5877,-1.0,0,-20,23
1,0.4928,0.0,0,-16,23
1,0.4928,1.0,0,-17,23
1,0.5877,1.0,0,-10,23
1,0.5877,1.0,0,-11,23
3,0.5056,1.0,0,-8,23
2,0.4721,-1.0,0,-8,23
1,0.5535,1.0,0,-4,23
1,0.5535,1.0,0,-5,23
1,0.5877,1.0,0,-5,23
1,0.5877,-1.0,0,-6,23
3,0.4721,0.0,1,0,24
2,0.4721,-1.0,1,-1,24
2,0.5794,0.0,1,-3,24
2,0.5337,0.0,1,-1,24
2,0.5794,-1.0,1,-2,24
3,0.5535,0.0,1,-4,24
1,0.5877,0.0,1,-3,24
1,0.5877,1.0,1,-2,24
3,0.5877,1.0,1,-2,24
3,0.4721,1.0,1,-4,24
2,0.5056,0.0,1,-2,24
2,0.3043,0.0,1,-2,24
3,0.3043,-1.0,1,-2,24
3,0.4721,-1.0,1,-5,24
2,0.4721,-1.0,1,-6,24
3,0.3043,1.0,1,-6,24
3,0.5337,1.0,1,-3,24
2,0.5056,1.0,1,-3,24
2,0.5535,-1.0,1,-1,24
3,0.5794,1.0,1,-4,24
2,0.5794,-1.0,1,-2,24
2,0.5535,1.0,1,0,24
3,0.5535,1.0,1,3,24
2,0.5535,1.0,1,2,24
3,0.5056,-1.0,1,0,24
2,0.5877,-1.0,1,0,24
2,0.5794,1.0,1,0,24
2,0.5337,1.0,1,0,24
2,0.5877,-1.0,1,0,24
2,0.4721,-1.0,1,0,24
2,0.5794,-1.0,1,-3,24
3,0.5535,1.0,1,-3,24
3,0.4721,-1.0,1,-3,24
3,0.5337,-1.0,1,-2,24
3,0.5535,-1.0,1,-2,24
3,0.5337,1.0,1,-2,24
2,0.4721,-1.0,1,-5,24
2,0.5794,-1.0,1,-3,24
1,0.5794,1.0,1,-2,24
1,0.5794,1.0,1,-4,24
1,0.5794,-1.0,1,-3,24
3,0.5056,-1.0,1,-2,24
1,0.5337,-1.0,1,-1,24
1,0.5337,1.0,1,0,24
3,0.5535,-1.0,1,0,24
2,0.5877,-1.0,1,2,24
2,0.5535,-1.0,1,4,24
3,0.5056,1.0,1,0,24
3,0.5056,-1.0,1,-2,24
3,0.5877,1.0,1,-4,24
1,0.4721,-1.0,1,-6,24
1,0.4721,1.0,1,-5,24
2,0.5877,-1.0,1,-3,24
2,0.5877,1.0,1,-1,24
2,0.5337,1.0,1,-1,24
2,0.5535,1.0,1,1,24
1,0.5535,1.0,1,2,24
2,0.5056,-1.0,1,2,24
3,0.4721,1.0,1,3,24
1,0.4721,1.0,1,3,24
1,0.4721,1.0,1,4,24
2,0.5794,1.0,1,2,24
3,0.4928,0.0,1,5,24
2,0.5794,-1.0,1,2,24
2,0.5794,-1.0,1,2,24
2,0.5535,1.0,1,1,24
3,0.4721,1.0,1,2,24
2,0.5877,1.0,1,2,24
3,0.5056,-1.0,1,2,24
3,0.4721,1.0,1,2,24
1,0.4721,-1.0,1,3,24
1,0.4721,1.0,1,4,24
1,0.4721,1.0,1,5,24
1,0.4721,1.0,1,6,24
3,0.4721,0.0,0,-3,25
2,0.4721,1.0,0,-3,25
3,0.5877,0.0,0,-6,25
3,0.4721,1.0,0,-5,25
2,0.5337,0.0,0,-5,25
1,0.5794,0.0,0,-6,25
1,0.5794,1.0,0,-7,25
2,0.5535,0.0,0,-5,25
3,0.4721,1.0,0,-5,25
3,0.5056,0.0,0,-3,25
2,0.5056,-1.0,0,-3,25
3,0.4721,-1.0,0,-4,25
2,0.5535,-1.0,0,-2,25
3,0.5535,-1.0,0,-2,25
2,0.5535,-1.0,0,-2,25
2,0.5794,1.0,0,-2,25
3,0.4721,1.0,0,-2,25
2,0.4721,-1.0,0,-4,25
2,0.5535,-1.0,0,-4,25
2,0.5337,-1.0,0,-3,25
2,0.5056,-1.0,0,-3,25
2,0.5877,1.0,0,-1,25
3,0.5056,1.0,0,-1,25
3,0.4721,1.0,0,-1,25
2,0.5535,1.0,0,-3,25
1,0.5535,1.0,0,-4,25
3,0.5337,1.0,0,-2,25
2,0.5535,1.0,0,-1,25
3,0.4721,-1.0,0,-2,25
3,0.5337,-1.0,0,-4,25
1,0.4721,1.0,0,-2,25
1,0.4721,1.0,0,-3,25
3,0.5337,1.0,0,-4,25
2,0.5794,-1.0,0,-4,25
2,0.5794,-1.0,0,-6,25
2,0.5337,1.0,0,-5,25
2,0.5337,-1.0,0,-7,25
2,0.4721,1.0,0,-7,25
3,0.4721,-1.0,0,-3,25
1,0.5337,1.0,0,-4,25
1,0.5337,1.0,0,-5,25
2,0.5337,1.0,0,-5,25
1,0.5337,1.0,0,-6,25
3,0.5337,1.0,0,-7,25
2,0.5877,1.0,0,-6,25
2,0.5794,1.0,0,-6,25
1,0.5794,1.0,0,-6,25
2,0.5794,-1.0,0,-4,25
3,0.5337,1.0,0,-4,25
2,0.5337,-1.0,0,-4,25
1,0.5337,1.0,0,-5,25
2,0.5337,1.0,0,-5,25
2,0.5337,-1.0,0,-7,25
1,0.4721,-1.0,0,-3,25
1,0.4721,-1.0,0,-3,25
1,0.4721,-1.0,0,-4,25
3,0.4721,1.0,0,-2,25
3,0.5056,-1.0,0,-3,25
1,0.5794,-1.0,0,-3,25
1,0.5056,1.0,0,-4,25
1,0.5056,1.0,0,-5,25
1,0.5056,1.0,0,-3,25
2,0.4721,-1.0,0,-3,25
2,0.5877,1.0,0,-5,25
1,0.5877,1.0,0,-6,25
1,0.5877,1.0,0,-7,25
3,0.4721,-1.0,0,-6,25
2,0.5877,1.0,0,-5,25
3,0.5337,1.0,0,-2,25
3,0.5337,-1.0,0,-5,25
2,0.5337,1.0,0,-5,25
2,0.5794,-1.0,0,-4,25
1,0.5794,1.0,0,-4,25
1,0.5337,-1.0,0,-3,25
1,0.5337,1.0,0,-4,25
3,0.5337,1.0,0,-5,25
1,0.5337,1.0,0,-6,25
1,0.5337,1.0,0,-7,25
1,0.5056,-1.0,0,-7,25
1,0.5056,1.0,0,-8,25
1,0.5535,0.0,1,0,26
1,0.5535,-1.0,1,1,26
3,0.4721,0.0,1,1,26
1,0.5535,1.0,1,2,26
1,0.5535,1.0,1,3,26
2,0.5794,0.0,1,3,26
3,0.4721,-1.0,1,3,26
1,0.5535,1.0,1,4,26
1,0.5535,1.0,1,5,26
3,0.5056,0.0,1,3,26
2,0.5794,1.0,1,5,26
2,0.5056,-1.0,1,5,26
3,0.5337,0.0,1,8,26
2,0.4721,-1.0,1,7,26
3,0.5337,1.0,1,7,26
3,0.4721,-1.0,1,7,26
2,0.5337,-1.0,1,7,26
1,0.4721,-1.0,1,8,26
1,0.4721,1.0,1,9,26
2,0.5877,0.0,1,11,26
3,0.4721,1.0,1,4,26
3,0.4211,0.0,1,7,26
2,0.4721,-1.0,1,7,26
3,0.5337,-1.0,1,7,26
3,0.4211,1.0,1,7,26
3,0.4721,-1.0,1,4,26
2,0.5337,-1.0,1,4,26
3,0.5056,-1.0,1,4,26
3,0.4721,-1.0,1,4,26
3,0.5877,1.0,1,4,26
2,0.4721,-1.0,1,6,26
1,0.5337,-1.0,1,7,26
1,0.5337,1.0,1,8,26
1,0.5535,1.0,1,9,26
1,0.5535,1.0,1,10,26
2,0.5794,1.0,1,10,26
2,0.5877,1.0,1,10,26
3,0.5337,1.0,1,8,26
1,0.5337,-1.0,1,9,26
1,0.5337,1.0,1,10,26
3,0.5337,1.0,1,7,26
3,0.4721,1.0,1,7,26
3,0.4721,1.0,1,7,26
2,0.4721,1.0,1,6,26
3,0.5794,-1.0,1,8,26
2,0.5056,-1.0,1,5,26
3,0.5337,-1.0,1,3,26
2,0.5877,1.0,1,5,26
2,0.5337,-1.0,1,7,26
2,0.4928,0.0,1,5,26
3,0.4928,-1.0,1,8,26
3,0.5056,-1.0,1,11,26
3,0.5877,1.0,1,11,26
2,0.5056,1.0,1,11,26
3,0.5056,-1.0,1,9,26
2,0.5794,1.0,1,7,26
1,0.5794,1.0,1,8,26
3,0.5535,1.0,1,6,26
3,0.4928,1.0,1,3,26
3,0.4721,1.0,1,3,26
2,0.5056,-1.0,1,5,26
3,0.5056,1.0,1,8,26
2,0.5535,-1.0,1,8,26
2,0.4721,-1.0,1,8,26
1,0.4721,1.0,1,9,26
2,0.4721,1.0,1,6,26
2,0.5056,1.0,1,8,26
2,0.5535,1.0,1,8,26
1,0.4721,-1.0,1,9,26
1,0.4721,1.0,1,10,26
2,0.5337,1.0,1,10,26
2,0.5877,-1.0,1,12,26
2,0.4721,1.0,1,10,26
1,0.4721,1.0,1,10,26
3,0.5535,0.0,0,2,27
2,0.5794,0.0,0,2,27
3,0.5535,-1.0,0,1,27
3,0.4721,0.0,0,-2,27
2,0.5794,-1.0,0,0,27
3,0.4721,1.0,0,3,27
2,0.5337,0.0,0,4,27
2,0.5877,0.0,0,2,27
3,0.5056,0.0,0,1,27
3,0.5877,1.0,0,3,27
2,0.4721,-1.0,0,4,27
2,0.5337,1.0,0,2,27
3,0.5877,-1.0,0,-1,27
2,0.4928,0.0,0,2,27
2,0.5535,1.0,0,0,27
1,0.4721,1.0,0,0,27
1,0.4721,-1.0,0,-1,27
2,0.5056,1.0,0,-1,27
3,0.5877,1.0,0,1,27
1,0.5337,1.0,0,0,27
1,0.5337,1.0,0,-1,27
1,0.5337,1.0,0,-2,27
1,0.5337,1.0,0,-2,27
3,0.5535,1.0,0,-5,27
3,0.5535,1.0,0,0,27
1,0.4721,1.0,0,0,27
1,0.4721,-1.0,0,-1,27
3,0.5877,-1.0,0,1,27
2,0.5877,-1.0,0,-1,27
3,0.4721,1.0,0,1,27
1,0.5794,-1.0,0,0,27
1,0.5794,1.0,0,-1,27
3,0.5337,-1.0,0,2,27
2,0.5794,1.0,0,3,27
3,0.5535,-1.0,0,5,27
3,0.5877,1.0,0,4,27
1,0.5535,-1.0,0,3,27
1,0.5535,1.0,0,2,27
3,0.5337,-1.0,0,4,27
3,0.4721,-1.0,0,1,27
3,0.5337,-1.0,0,3,27
3,0.5056,-1.0,0,2,27
2,0.5794,1.0,0,2,27
3,0.5877,1.0,0,4,27
3,0.5337,-1.0,0,1,27
2,0.5337,1.0,0,1,27
2,0.5877,-1.0,0,4,27
3,0.5877,-1.0,0,1,27
2,0.5337,-1.0,0,1,27
3,0.4721,1.0,0,1,27
2,0.4721,-1.0,0,1,27
3,0.5337,-1.0,0,-2,27
3,0.5877,1.0,0,0,27
3,0.4721,-1.0,0,0,27
2,0.5056,1.0,0,1,27
2,0.4721,-1.0,0,-1,27
2,0.5535,1.0,0,1,27
1,0.5337,1.0,0,0,27
1,0.5337,1.0,0,-1,27
3,0.5535,-1.0,0,-4,27
1,0.5337,1.0,0,-1,27
1,0.5337,1.0,0,-2,27
1,0.5877,-1.0,0,-3,27
1,0.5877,1.0,0,-4,27
1,0.5056,1.0,0,-4,27
2,0.5794,0.0,1,2,28
2,0.5794,1.0,1,-1,28
3,0.5337,0.0,1,-4,28
3,0.4721,0.0,1,-7,28
3,0.5794,-1.0,1,-4,28
3,0.5877,0.0,1,-4,28
1,0.5337,-1.0,1,-3,28
1,0.5337,1.0,1,-2,28
2,0.4721,-1.0,1,-2,28
2,0.5877,-1.0,1,-3,28
1,0.5877,1.0,1,-2,28
2,0.5337,1.0,1,-2,28
3,0.5056,0.0,1,-2,28
2,0.5056,-1.0,1,0,28
3,0.4721,-1.0,1,0,28
1,0.5535,0.0,1,1,28
1,0.5535,1.0,1,1,28
2,0.5794,1.0,1,1,28
3,0.5337,-1.0,1,2,28
2,0.5535,-1.0,1,4,28
1,0.5535,1.0,1,3,28
1,0.5535,1.0,1,4,28
2,0.5337,1.0,1,4,28
3,0.5337,-1.0,1,1,28
2,0.5794,1.0,1,-1,28
3,0.4928,0.0,1,-1,28
3,0.5056,1.0,1,-1,28
2,0.4211,0.0,1,1,28
2,0.5056,-1.0,1,2,28
2,0.4721,-1.0,1,4,28
3,0.5056,1.0,1,4,28
3,0.5337,-1.0,1,7,28
2,0.5337,1.0,1,7,28
1,0.5056,-1.0,1,8,28
1,0.5056,1.0,1,9,28
2,0.5535,1.0,1,11,28
3,0.4721,1.0,1,14,28
3,0.4721,1.0,1,14,28
2,0.5794,-1.0,1,10,28
3,0.5877,1.0,1,10,28
2,0.5794,1.0,1,12,28
2,0.4721,-1.0,1,9,28
2,0.5794,1.0,1,9,28
2,0.5794,-1.0,1,9,28
3,0.5337,1.0,1,9,28
1,0.5794,-1.0,1,10,28
1,0.5794,1.0,1,11,28
3,0.4721,-1.0,1,11,28
3,0.5794,1.0,1,11,28
1,0.5535,1.0,1,9,28
1,0.5535,1.0,1,10,28
2,0.5535,1.0,1,7,28
2,0.5794,-1.0,1,2,28
3,0.5337,-1.0,1,3,28
2,0.5056,1.0,1,2,28
3,0.5056,1.0,1,5,28
2,0.5337,1.0,1,5,28
3,0.4721,-1.0,1,3,28
3,0.5056,1.0,1,6,28
3,0.5337,-1.0,1,6,28
2,0.5877,-1.0,1,6,28
2,0.4721,-1.0,1,4,28
2,0.4721,-1.0,1,4,28
2,0.5337,-1.0,1,4,28
3,0.5056,1.0,1,4,28
3,0.4721,-1.0,1,5,28
3,0.4721,1.0,1,5,28
2,0.5056,-1.0,1,4,28
1,0.5337,-1.0,1,5,28
1,0.5337,1.0,1,5,28
2,0.4721,1.0,1,5,28
1,0.4721,-1.0,1,5,28
1,0.4721,-1.0,1,6,28
3,0.5056,1.0,1,4,28
1,0.5794,-1.0,1,2,28
1,0.5794,1.0,1,3,28
1,0.5056,-1.0,1,2,28
1,0.5056,1.0,1,3,28
1,0.5056,1.0,1,2,28
1,0.5056,1.0,1,3,28
1,0.4721,1.0,1,1,28
1,0.4721,-1.0,1,2,28
3,0.5337,0.0,0,0,29
3,0.5535,0.0,0,0,29
2,0.5794,0.0,0,0,29
3,0.5535,-1.0,0,-3,29
2,0.5535,1.0,0,0,29
2,0.5535,-1.0,0,-2,29
3,0.5056,0.0,0,-5,29
2,0.5794,-1.0,0,-5,29
3,0.4211,0.0,0,-5,29
2,0.4928,0.0,0,-7,29
2,0.5056,1.0,0,-9,29
2,0.5535,1.0,0,-10,29
2,0.5535,1.0,0,-10,29
3,0.4721,0.0,0,-13,29
3,0.4211,-1.0,0,-16,29
3,0.4211,1.0,0,-19,29
3,0.5337,-1.0,0,-16,29
2,0.4928,1.0,0,-16,29
2,0.5535,-1.0,0,-16,29
2,0.4721,1.0,0,-16,29
2,0.4721,1.0,0,-16,29
2,0.5794,-1.0,0,-16,29
3,0.4211,1.0,0,-14,29
3,0.5337,-1.0,0,-17,29
2,0.5056,1.0,0,-17,29
1,0.4721,1.0,0,-18,29
1,0.4721,1.0,0,-19,29
2,0.4721,1.0,0,-17,29
3,0.4721,-1.0,0,-17,29
2,0.5535,1.0,0,-18,29
2,0.5337,1.0,0,-18,29
3,0.5056,-1.0,0,-16,29
2,0.5535,1.0,0,-14,29
2,0.5877,0.0,0,-16,29
2,0.4721,-1.0,0,-18,29
2,0.5337,1.0,0,-18,29
2,0.4721,1.0,0,-18,29
3,0.4928,-1.0,0,-18,29
3,0.4721,-1.0,0,-19,29
2,0.5877,1.0,0,-19,29
2,0.5337,-1.0,0,-17,29
1,0.4928,-1.0,0,-18,29
1,0.4928,1.0,0,-18,29
2,0.5794,-1.0,0,-18,29
2,0.4211,-1.0,0,-20,29
2,0.5056,-1.0,0,-22,29
1,0.4928,-1.0,0,-23,29
1,0.4928,1.0,0,-24,29
3,0.5535,-1.0,0,-22,29
3,0.4721,1.0,0,-22,29
2,0.4211,1.0,0,-22,29
3,0.5877,1.0,0,-25,29
3,0.5337,-1.0,0,-28,29
3,0.5056,1.0,0,-28,29
2,0.4721,-1.0,0,-23,29
2,0.4211,-1.0,0,-25,29
2,0.5535,-1.0,0,-21,29
2,0.5056,-1.0,0,-23,29
1,0.5056,1.0,0,-24,29
1,0.5056,1.0,0,-25,29
2,0.5535,-1.0,0,-25,29
2,0.4721,-1.0,0,-24,29
3,0.5337,1.0,0,-25,29
3,0.4211,1.0,0,-24,29
2,0.5535,1.0,0,-26,29
1,0.4721,1.0,0,-24,29
1,0.4721,-1.0,0,-24,29
2,0.3043,0.0,0,-22,29
3,0.4928,1.0,0,-25,29
2,0.4211,-1.0,0,-24,29
3,0.3333,0.0,0,-21,29
3,0.5337,0.0,0,0,30
2,0.4721,0.0,0,0,30
3,0.5337,-1.0,0,-3,30
2,0.5337,1.0,0,-1,30
3,0.4721,1.0,0,-1,30
2,0.5535,0.0,0,1,30
2,0.4721,-1.0,0,3,30
3,0.5535,-1.0,0,2,30
3,0.5877,0.0,0,2,30
3,0.5337,-1.0,0,2,30
3,0.5535,1.0,0,2,30
2,0.4721,-1.0,0,2,30
3,0.5535,-1.0,0,2,30
2,0.5535,-1.0,0,0,30
3,0.5337,1.0,0,2,30
2,0.5056,0.0,0,5,30
3,0.4721,-1.0,0,5,30
2,0.5794,0.0,0,5,30
2,0.5877,-1.0,0,3,30
3,0.5337,-1.0,0,0,30
3,0.5794,-1.0,0,2,30
2,0.4721,1.0,0,3,30
3,0.5337,1.0,0,3,30
3,0.5056,-1.0,0,0,30
3,0.5535,1.0,0,0,30
2,0.5337,-1.0,0,3,30
3,0.4928,0.0,0,3,30
2,0.5877,1.0,0,1,30
2,0.4721,1.0,0,-1,30
3,0.5535,-1.0,0,-1,30
3,0.5056,1.0,0,-2,30
1,0.5794,-1.0,0,-3,30
1,0.5794,1.0,0,-4,30
3,0.4721,1.0,0,-7,30
2,0.5535,-1.0,0,-7,30
2,0.5337,-1.0,0,-4,30
3,0.5056,1.0,0,-5,30
2,0.4721,1.0,0,-5,30
1,0.5056,1.0,0,-5,30
1,0.5056,-1.0,0,-5,30
3,0.5877,1.0,0,-2,30
3,0.5337,-1.0,0,-2,30
2,0.5794,1.0,0,-4,30
2,0.5535,1.0,0,-6,30
3,0.5056,-1.0,0,-6,30
3,0.5535,1.0,0,-6,30
1,0.5877,-1.0,0,-7,30
1,0.5877,1.0,0,-8,30
2,0.4721,-1.0,0,-10,30
3,0.4721,1.0,0,-11,30
3,0.5056,-1.0,0,-11,30
3,0.4721,1.0,0,-9,30
3,0.5337,-1.0,0,-9,30
1,0.5337,1.0,0,-7,30
3,0.4721,-1.0,0,-4,30
1,0.5535,-1.0,0,-4,30
1,0.5535,-1.0,0,-5,30
3,0.5056,1.0,0,-3,30
1,0.4721,-1.0,0,-1,30
1,0.4721,-1.0,0,-2,30
2,0.4721,1.0,0,0,30
3,0.4721,-1.0,0,2,30
3,0.5535,1.0,0,4,30
1,0.4721,-1.0,0,6,30
1,0.4721,1.0,0,6,30
1,0.5337,-1.0,0,5,30
1,0.5337,1.0,0,4,30
1,0.5535,-1.0,0,7,30
1,0.5535,-1.0,0,7,30
3,0.5535,-1.0,0,10,30
2,0.5877,1.0,0,8,30
3,0.5056,-1.0,0,7,30
2,0.5337,1.0,0,7,30
2,0.5056,1.0,0,5,30
2,0.5877,1.0,0,6,30
3,0.5535,0.0,1,0,31
2,0.5535,-1.0,1,2,31
3,0.4721,0.0,1,5,31
2,0.4721,1.0,1,7,31
2,0.4721,1.0,1,7,31
3,0.5056,0.0,1,5,31
3,0.4721,-1.0,1,4,31
3,0.5337,0.0,1,4,31
3,0.5056,-1.0,1,4,31
2,0.4211,0.0,1,4,31
2,0.5056,-1.0,1,6,31
1,0.4721,-1.0,1,4,31
1,0.4721,-1.0,1,5,31
2,0.5877,0.0,1,7,31
3,0.4211,-1.0,1,7,31
3,0.4721,1.0,1,5,31
3,0.4211,-1.0,1,5,31
2,0.4721,-1.0,1,3,31
3,0.5877,1.0,1,4,31
2,0.4721,-1.0,1,3,31
2,0.4721,-1.0,1,3,31
2,0.5794,0.0,1,5,31
2,0.5794,1.0,1,7,31
2,0.4211,-1.0,1,5,31
2,0.5337,-1.0,1,5,31
3,0.5056,1.0,1,5,31
3,0.5337,-1.0,1,3,31
2,0.5337,-1.0,1,1,31
3,0.4721,-1.0,1,1,31
2,0.5337,-1.0,1,3,31
3,0.5794,1.0,1,3,31
2,0.5794,-1.0,1,0,31
3,0.5337,1.0,1,0,31
3,0.5877,1.0,1,0,31
1,0.4721,-1.0,1,0,31
1,0.4721,-1.0,1,1,31
2,0.5337,-1.0,1,1,31
3,0.5056,-1.0,1,1,31
3,0.4721,1.0,1,4,31
3,0.5535,1.0,1,4,31
3,0.5877,-1.0,1,2,31
1,0.4721,1.0,1,2,31
1,0.4721,-1.0,1,3,31
2,0.5056,-1.0,1,5,31
3,0.4721,1.0,1,8,31
2,0.5535,-1.0,1,8,31
3,0.5535,-1.0,1,6,31
2,0.5535,-1.0,1,6,31
1,0.5535,1.0,1,7,31
3,0.5337,1.0,1,5,31
3,0.4721,1.0,1,5,31
2,0.4721,-1.0,1,3,31
3,0.5337,-1.0,1,3,31
2,0.5337,1.0,1,1,31
3,0.5535,1.0,1,1,31
2,0.5877,-1.0,1,-2,31
3,0.5056,1.0,1,-2,31
3,0.4721,-1.0,1,-4,31
1,0.5337,-1.0,1,-3,31
1,0.5337,1.0,1,-2,31
3,0.5056,-1.0,1,1,31
1,0.5056,1.0,1,1,31
3,0.5337,1.0,1,-1,31
3,0.5337,-1.0,1,2,31
3,0.5337,1.0,1,5,31
2,0.5337,1.0,1,4,31
2,0.4721,-1.0,1,4,31
1,0.5337,-1.0,1,5,31
1,0.5337,1.0,1,6,31
2,0.5535,0.0,1,0,32
3,0.5877,0.0,1,-3,32
3,0.5535,-1.0,1,0,32
3,0.5535,1.0,1,-3,32
3,0.5056,0.0,1,0,32
3,0.5877,-1.0,1,-2,32
3,0.5535,-1.0,1,1,32
3,0.5337,0.0,1,1,32
2,0.5535,1.0,1,-2,32
3,0.4211,0.0,1,1,32
2,0.5056,1.0,1,1,32
1,0.5877,-1.0,1,0,32
1,0.5877,1.0,1,1,32
3,0.4211,1.0,1,1,32
3,0.5877,1.0,1,2,32
3,0.4721,0.0,1,1,32
3,0.4721,-1.0,1,-1,32
3,0.5877,1.0,1,-4,32
2,0.5877,-1.0,1,-2,32
3,0.5337,-1.0,1,-2,32
3,0.5535,-1.0,1,1,32
3,0.5877,1.0,1,2,32
3,0.5535,1.0,1,0,32
3,0.5056,-1.0,1,3,32
2,0.5337,-1.0,1,5,32
2,0.5056,1.0,1,5,32
2,0.5056,-1.0,1,3,32
3,0.4721,-1.0,1,0,32
2,0.5535,-1.0,1,0,32
1,0.5535,1.0,1,1,32
2,0.4721,-1.0,1,3,32
3,0.5056,-1.0,1,3,32
2,0.4721,1.0,1,2,32
3,0.5535,1.0,1,2,32
2,0.5535,-1.0,1,-1,32
2,0.5056,-1.0,1,-1,32
3,0.5877,1.0,1,2,32
2,0.5877,1.0,1,4,32
2,0.4721,1.0,1,4,32
2,0.4721,1.0,1,4,32
2,0.5337,1.0,1,4,32
2,0.5535,-1.0,1,4,32
1,0.5535,1.0,1,5,32
3,0.4721,-1.0,1,5,32
3,0.5794,0.0,1,8,32
2,0.5535,1.0,1,5,32
2,0.5535,-1.0,1,5,32
3,0.5535,1.0,1,5,32
2,0.5535,-1.0,1,7,32
2,0.4211,-1.0,1,7,32
2,0.5794,1.0,1,7,32
2,0.5337,1.0,1,7,32
3,0.5056,-1.0,1,7,32
3,0.5535,1.0,1,7,32
3,0.4721,-1.0,1,5,32
3,0.5056,-1.0,1,5,32
2,0.5535,-1.0,1,5,32
3,0.5056,-1.0,1,3,32
1,0.5535,-1.0,1,4,32
1,0.5535,1.0,1,5,32
1,0.5337,-1.0,1,3,32
1,0.5337,1.0,1,3,32
3,0.5056,0.0,1,-2,33
3,0.5337,0.0,1,-2,33
3,0.4721,0.0,1,-2,33
2,0.4721,-1.0,1,-2,33
1,0.5794,0.0,1,-1,33
1,0.5794,1.0,1,0,33
2,0.5337,-1.0,1,0,33
2,0.4721,-1.0,1,-1,33
3,0.4721,1.0,1,-3,33
3,0.5337,1.0,1,-3,33
2,0.5794,1.0,1,-3,33
2,0.5337,-1.0,1,-3,33
2,0.5056,-1.0,1,-3,33
3,0.4928,0.0,1,-3,33
2,0.4721,-1.0,1,-3,33
3,0.5056,-1.0,1,0,33
2,0.5056,1.0,1,-2,33
3,0.5337,-1.0,1,-4,33
2,0.4721,-1.0,1,-4,33
3,0.3043,0.0,1,-4,33
1,0.4721,-1.0,1,-3,33
1,0.4721,1.0,1,-3,33
3,0.5056,-1.0,1,-5,33
3,0.3043,-1.0,1,-7,33
3,0.5056,-1.0,1,-6,33
3,0.5056,1.0,1,-3,33
3,0.4721,-1.0,1,-8,33
3,0.5535,0.0,1,-12,33
3,0.5337,-1.0,1,-9,33
3,0.4721,-1.0,1,-6,33
2,0.5794,-1.0,1,-6,33
2,0.5337,1.0,1,-6,33
3,0.5877,0.0,1,-6,33
3,0.4721,1.0,1,-6,33
1,0.5337,-1.0,1,-8,33
1,0.5337,-1.0,1,-7,33
3,0.4721,-1.0,1,-11,33
2,0.5535,-1.0,1,-11,33
3,0.5056,1.0,1,-11,33
1,0.4721,-1.0,1,-13,33
1,0.4721,1.0,1,-12,33
2,0.5056,-1.0,1,-14,33
3,0.4721,1.0,1,-14,33
2,0.4721,-1.0,1,-14,33
3,0.4721,1.0,1,-14,33
3,0.4721,1.0,1,-14,33
2,0.5056,-1.0,1,-12,33
3,0.5337,1.0,1,-9,33
2,0.4721,-1.0,1,-7,33
3,0.5056,1.0,1,-6,33
2,0.5337,1.0,1,-4,33
2,0.5877,-1.0,1,-2,33
1,0.5877,1.0,1,-1,33
2,0.5056,1.0,1,-3,33
2,0.5794,-1.0,1,-1,33
3,0.5056,-1.0,1,-3,33
2,0.5337,1.0,1,-1,33
1,0.5056,-1.0,1,0,33
1,0.5056,1.0,1,1,33
3,0.5056,1.0,1,1,33
1,0.5535,-1.0,1,2,33
1,0.5535,1.0,1,3,33
2,0.5877,1.0,1,1,33
2,0.5535,1.0,1,3,33
1,0.5535,1.0,1,4,33
1,0.5877,-1.0,1,2,33
1,0.5877,1.0,1,3,33
2,0.5535,1.0,1,3,33
1,0.5337,1.0,1,2,33
1,0.5337,1.0,1,2,33
2,0.4721,1.0,1,-1,33
3,0.5337,-1.0,1,-1,33
2,0.5535,1.0,1,-1,33
2,0.5535,-1.0,1,-1,33
1,0.5877,1.0,1,0,33
1,0.5877,1.0,1,1,33
3,0.5337,0.0,1,0,34
2,0.5794,0.0,1,0,34
2,0.4721,0.0,1,2,34
2,0.5535,0.0,1,0,34
2,0.5535,-1.0,1,0,34
3,0.5337,-1.0,1,-2,34
2,0.4721,1.0,1,-2,34
3,0.4721,-1.0,1,-2,34
2,0.5535,-1.0,1,-3,34
2,0.5535,1.0,1,-3,34
2,0.5337,-1.0,1,-5,34
2,0.5056,0.0,1,-5,34
2,0.4928,0.0,1,-5,34
2,0.4721,-1.0,1,-7,34
2,0.5877,0.0,1,-5,34
1,0.5877,1.0,1,-4,34
3,0.5056,-1.0,1,-6,34
3,0.5794,1.0,1,-6,34
3,0.5337,-1.0,1,-3,34
2,0.5794,-1.0,1,-3,34
1,0.5794,1.0,1,-2,34
3,0.5056,-1.0,1,1,34
2,0.4721,-1.0,1,-1,34
2,0.3043,0.0,1,-1,34
2,0.5535,1.0,1,-1,34
3,0.5337,1.0,1,2,34
2,0.5794,1.0,1,4,34
3,0.5535,1.0,1,5,34
3,0.5056,1.0,1,8,34
2,0.4721,-1.0,1,10,34
3,0.4721,1.0,1,13,34
3,0.5337,1.0,1,13,34
3,0.4721,1.0,1,13,34
2,0.5337,-1.0,1,15,34
3,0.5794,1.0,1,18,34
2,0.4721,-1.0,1,18,34
1,0.4721,1.0,1,19,34
2,0.5056,1.0,1,18,34
3,0.4721,1.0,1,18,34
3,0.4721,1.0,1,19,34
3,0.5337,1.0,1,20,34
3,0.5337,1.0,1,20,34
2,0.5535,1.0,1,20,34
3,0.3043,-1.0,1,20,34
2,0.4721,1.0,1,20,34
1,0.4721,1.0,1,21,34
3,0.5535,-1.0,1,20,34
2,0.4721,1.0,1,20,34
3,0.5535,-1.0,1,23,34
3,0.5337,-1.0,1,22,34
2,0.5056,1.0,1,18,34
2,0.5794,1.0,1,20,34
3,0.5056,-1.0,1,18,34
3,0.5056,-1.0,1,19,34
3,0.5337,1.0,1,16,34
1,0.5535,1.0,1,16,34
1,0.5535,-1.0,1,17,34
1,0.5535,1.0,1,18,34
1,0.5535,1.0,1,19,34
2,0.3043,-1.0,1,21,34
3,0.3043,1.0,1,19,34
1,0.4721,-1.0,1,20,34
1,0.4721,1.0,1,21,34
3,0.4928,-1.0,1,21,34
1,0.5056,1.0,1,20,34
1,0.5056,1.0,1,21,34
3,0.3043,-1.0,1,21,34
3,0.5535,0.0,1,3,35
3,0.5535,1.0,1,3,35
2,0.5877,0.0,1,3,35
2,0.5794,0.0,1,2,35
3,0.4721,0.0,1,2,35
2,0.4721,-1.0,1,4,35
1,0.5337,0.0,1,4,35
1,0.5337,1.0,1,5,35
3,0.5337,1.0,1,5,35
3,0.5337,1.0,1,5,35
2,0.5337,-1.0,1,7,35
3,0.5337,1.0,1,10,35
2,0.5056,0.0,1,10,35
2,0.5056,1.0,1,10,35
3,0.5337,1.0,1,8,35
3,0.5337,-1.0,1,6,35
2,0.5794,1.0,1,8,35
2,0.5056,1.0,1,8,35
2,0.5535,-1.0,1,8,35
1,0.5535,1.0,1,8,35
1,0.4928,0.0,1,7,35
1,0.4928,1.0,1,8,35
3,0.5056,-1.0,1,8,35
3,0.5056,1.0,1,8,35
2,0.5794,1.0,1,8,35
1,0.5794,-1.0,1,8,35
1,0.5794,-1.0,1,9,35
2,0.5535,-1.0,1,11,35
2,0.5535,1.0,1,11,35
2,0.5794,1.0,1,11,35
2,0.5535,-1.0,1,10,35
1,0.5337,-1.0,1,11,35
1,0.5337,1.0,1,12,35
2,0.5794,-1.0,1,9,35
1,0.5056,-1.0,1,10,35
1,0.5056,1.0,1,11,35
2,0.5794,-1.0,1,13,35
3,0.4721,1.0,1,12,35
2,0.5056,1.0,1,12,35
3,0.5794,1.0,1,15,35
2,0.5535,1.0,1,15,35
1,0.5056,-1.0,1,14,35
1,0.5056,1.0,1,15,35
2,0.5056,1.0,1,13,35
2,0.4721,-1.0,1,11,35
1,0.5337,1.0,1,10,35
1,0.5337,1.0,1,11,35
2,0.5337,1.0,1,11,35
3,0.4721,-1.0,1,12,35
3,0.5337,1.0,1,12,35
2,0.5794,1.0,1,10,35
2,0.5877,-1.0,1,9,35
2,0.5337,-1.0,1,6,35
2,0.5535,1.0,1,8,35
3,0.5337,-1.0,1,6,35
3,0.4721,1.0,1,7,35
3,0.4721,1.0,1,7,35
3,0.5056,-1.0,1,7,35
2,0.4721,-1.0,1,5,35
2,0.5337,-1.0,1,2,35
3,0.5337,-1.0,1,2,35
2,0.5535,1.0,1,4,35
2,0.5337,-1.0,1,5,35
3,0.4721,-1.0,1,5,35
3,0.5056,-1.0,1,5,35
3,0.5337,1.0,1,5,35
3,0.5794,-1.0,1,8,35
1,0.5535,1.0,1,7,35
1,0.5535,1.0,1,8,35
1,0.5056,-1.0,1,8,35
1,0.5337,-1.0,1,9,35
1,0.5337,1.0,1,10,35
2,0.5337,0.0,1,0,36
1,0.5794,0.0,1,-2,36
1,0.5794,-1.0,1,-1,36
3,0.5877,0.0,1,-4,36
3,0.4721,0.0,1,-1,36
2,0.5535,0.0,1,-1,36
2,0.5535,1.0,1,1,36
2,0.5535,1.0,1,1,36
2,0.4721,1.0,1,1,36
2,0.5794,1.0,1,1,36
2,0.4721,-1.0,1,3,36
2,0.5794,-1.0,1,3,36
3,0.5337,-1.0,1,3,36
3,0.5337,-1.0,1,4,36
3,0.4721,1.0,1,7,36
1,0.4721,1.0,1,4,36
1,0.4721,1.0,1,5,36
2,0.5535,1.0,1,5,36
3,0.5056,0.0,1,5,36
3,0.4721,1.0,1,5,36
2,0.5535,-1.0,1,5,36
2,0.5877,-1.0,1,5,36
3,0.4721,-1.0,1,3,36
3,0.5337,1.0,1,1,36
2,0.5535,-1.0,1,0,36
1,0.5535,1.0,1,1,36
3,0.5337,-1.0,1,4,36
3,0.5337,1.0,1,3,36
2,0.5535,1.0,1,5,36
3,0.5056,-1.0,1,2,36
3,0.5337,-1.0,1,5,36
3,0.5337,1.0,1,5,36
3,0.4721,-1.0,1,3,36
3,0.4721,-1.0,1,3,36
3,0.5056,-1.0,1,3,36
3,0.5877,-1.0,1,3,36
3,0.5535,1.0,1,6,36
2,0.5535,1.0,1,6,36
2,0.5337,-1.0,1,4,36
2,0.5056,-1.0,1,4,36
3,0.5056,-1.0,1,3,36
2,0.4721,-1.0,1,3,36
3,0.5337,-1.0,1,3,36
1,0.5056,-1.0,1,3,36
1,0.5056,-1.0,1,4,36
2,0.5056,1.0,1,6,36
3,0.5794,-1.0,1,9,36
3,0.5794,1.0,1,9,36
2,0.5337,-1.0,1,9,36
3,0.4721,-1.0,1,9,36
3,0.5535,-1.0,1,6,36
3,0.4721,-1.0,1,9,36
2,0.5337,-1.0,1,6,36
2,0.5535,-1.0,1,8,36
3,0.5056,1.0,1,8,36
2,0.5056,-1.0,1,8,36
3,0.5337,-1.0,1,6,36
2,0.5056,1.0,1,8,36
1,0.5056,1.0,1,9,36
2,0.5056,1.0,1,7,36
2,0.4721,1.0,1,9,36
2,0.5794,-1.0,1,9,36
2,0.4721,1.0,1,9,36
3,0.5535,1.0,1,4,36
2,0.5535,-1.0,1,6,36
3,0.5337,-1.0,1,9,36
2,0.5877,-1.0,1,9,36
1,0.5535,1.0,1,7,36
1,0.5535,1.0,1,8,36
1,0.5535,1.0,1,7,36
1,0.5535,1.0,1,8,36
3,0.5535,0.0,1,3,37
2,0.5794,0.0,1,5,37
3,0.4721,0.0,1,5,37
3,0.5535,1.0,1,5,37
3,0.5877,0.0,1,5,37
3,0.4721,-1.0,1,3,37
2,0.5794,1.0,1,3,37
1,0.5877,-1.0,1,4,37
1,0.5877,1.0,1,5,37
2,0.5535,-1.0,1,7,37
3,0.5877,1.0,1,7,37
3,0.5056,0.0,1,7,37
2,0.5056,-1.0,1,7,37
3,0.5056,-1.0,1,8,37
2,0.5056,1.0,1,8,37
1,0.5056,1.0,1,7,37
1,0.5056,1.0,1,8,37
2,0.5535,1.0,1,6,37
1,0.5535,-1.0,1,7,37
1,0.5535,1.0,1,8,37
3,0.5337,0.0,1,8,37
2,0.5056,1.0,1,8,37
3,0.5877,-1.0,1,8,37
3,0.4721,-1.0,1,11,37
2,0.4721,1.0,1,11,37
3,0.5056,-1.0,1,11,37
1,0.5794,-1.0,1,8,37
1,0.5794,1.0,1,9,37
2,0.5056,-1.0,1,9,37
2,0.5794,1.0,1,9,37
2,0.5056,-1.0,1,7,37
1,0.5337,-1.0,1,6,37
1,0.5337,1.0,1,7,37
2,0.5794,-1.0,1,9,37
2,0.5535,1.0,1,8,37
2,0.4721,-1.0,1,7,37
3,0.5056,-1.0,1,10,37
2,0.5535,-1.0,1,10,37
3,0.5337,1.0,1,10,37
2,0.5056,1.0,1,10,37
2,0.4721,-1.0,1,5,37
2,0.5535,1.0,1,7,37
1,0.5535,1.0,1,8,37
3,0.5056,-1.0,1,8,37
3,0.5337,-1.0,1,8,37
2,0.5056,-1.0,1,8,37
2,0.5794,1.0,1,8,37
3,0.5337,-1.0,1,8,37
3,0.4721,-1.0,1,9,37
2,0.5535,1.0,1,11,37
3,0.5056,-1.0,1,11,37
3,0.5877,-1.0,1,9,37
2,0.4721,1.0,1,8,37
2,0.4721,-1.0,1,6,37
2,0.5056,-1.0,1,8,37
2,0.5794,-1.0,1,4,37
2,0.5337,-1.0,1,4,37
3,0.5056,1.0,1,4,37
2,0.5337,-1.0,1,4,37
2,0.5056,-1.0,1,4,37
1,0.4721,-1.0,1,5,37
1,0.4721,1.0,1,6,37
2,0.5535,1.0,1,6,37
2,0.4721,1.0,1,6,37
2,0.5535,-1.0,1,6,37
1,0.5337,1.0,1,5,37
1,0.5337,1.0,1,6,37
3,0.5337,0.0,0,3,38
3,0.5794,0.0,0,10,38
2,0.5877,0.0,0,8,38
2,0.5056,0.0,0,8,38
2,0.5056,-1.0,0,9,38
2,0.5535,0.0,0,9,38
3,0.5337,-1.0,0,6,38
2,0.5877,1.0,0,8,38
3,0.5337,1.0,0,11,38
3,0.5056,-1.0,0,8,38
3,0.5535,-1.0,0,8,38
3,0.5535,1.0,0,11,38
2,0.5056,1.0,0,13,38
3,0.5794,-1.0,0,15,38
2,0.5056,1.0,0,13,38
1,0.5056,1.0,0,12,38
2,0.5535,-1.0,0,14,38
3,0.3043,0.0,0,17,38
2,0.5794,-1.0,0,15,38
1,0.5794,1.0,0,17,38
1,0.5794,1.0,0,17,38
2,0.5794,-1.0,0,17,38
2,0.5794,-1.0,0,17,38
3,0.3043,-1.0,0,19,38
3,0.5877,-1.0,0,19,38
3,0.5337,-1.0,0,16,38
1,0.5877,-1.0,0,15,38
1,0.5877,1.0,0,14,38
3,0.3043,-1.0,0,14,38
2,0.5337,1.0,0,12,38
3,0.5056,1.0,0,12,38
2,0.5877,1.0,0,12,38
2,0.5877,-1.0,0,12,38
3,0.5337,1.0,0,9,38
2,0.5056,-1.0,0,11,38
2,0.5877,-1.0,0,11,38
3,0.5337,1.0,0,10,38
2,0.5535,-1.0,0,13,38
2,0.5794,-1.0,0,13,38
2,0.5056,-1.0,0,14,38
3,0.5877,-1.0,0,11,38
3,0.5877,1.0,0,11,38
3,0.5056,1.0,0,8,38
2,0.5877,-1.0,0,8,38
3,0.5877,-1.0,0,7,38
2,0.5535,-1.0,0,8,38
3,0.5337,1.0,0,8,38
2,0.5337,1.0,0,10,38
3,0.5056,1.0,0,12,38
3,0.5877,1.0,0,9,38
2,0.5794,1.0,0,9,38
1,0.5794,-1.0,0,8,38
1,0.5794,1.0,0,7,38
3,0.5056,-1.0,0,7,38
3,0.5337,-1.0,0,9,38
2,0.5337,-1.0,0,9,38
2,0.5535,1.0,0,7,38
1,0.5535,1.0,0,6,38
3,0.5056,-1.0,0,8,38
1,0.5535,1.0,0,9,38
1,0.5535,1.0,0,9,38
3,0.5535,-1.0,0,12,38
2,0.5056,-1.0,0,13,38
3,0.5877,1.0,0,13,38
3,0.3043,-1.0,0,12,38
3,0.5877,1.0,0,14,38
3,0.5056,-1.0,0,14,38
